activity_id,activity_name,prior_finish,current_finish,prior_source_float,current_source_float,source_float_delta
U13-2NDFLELECRM-40,"TEMP FOR TEST FOR SECOND FLOOR ELEC RM # 2NE-ELE IDF","2026-07-09 16:00","2026-06-26 16:00",640.0,-432.0,-1072.0
U13-2NDFLELECRM-50,"TEMP FOR TEST FOR SECOND FLOOR ELEC RM # 2NW-ELE IDF","2026-07-13 16:00","2026-06-26 16:00",640.0,-432.0,-1072.0
U13-2NDFLELECRM-60,"TEMP FOR TEST FOR SECOND FLOOR ELEC RM # 2SE-ELE IDF","2026-07-07 16:00","2026-06-26 16:00",640.0,-432.0,-1072.0
U13-2NDFLELECRM-70,"TEMP FOR TEST FOR SECOND FLOOR ELEC RM # 2SW-ELE IDF","2026-07-02 16:00","2026-06-26 16:00",640.0,-432.0,-1072.0
P1A-03U-FIN-190,"LOW VOLTAGE TRIM","2026-06-11 16:00","2026-07-08 16:00",-152.0,-544.0,-392.0
P1A-03U-FIN-300,"INSTALL MIRRORS","2026-06-11 16:00","2026-07-08 16:00",-192.0,-544.0,-352.0
P1A-EAST-A-70,"BUILDING EXTERIOR LIGHTS - East Elev.","2026-06-17 16:00","2026-08-18 16:00",-152.0,-496.0,-344.0
P1A-SOUTH-A-70,"BUILDING EXTERIOR LIGHTS - South Elev.","2026-06-10 16:00","2026-08-04 16:00",-152.0,-496.0,-344.0
P1A-WEST-A/B-70,"BUILDING EXTERIOR LIGHTS","2026-06-05 16:00","2026-07-21 16:00",-152.0,-496.0,-344.0
FAB/DEL-10,"FAB/DEL EXTERIOR LIGHT FIXTURES","2026-05-29 16:00","2026-07-10 16:00",-216.0,-536.0,-320.0
P1A-02U-FIN-125,"INSTALL MAJOR APPLIANCES","2026-06-17 16:00","2026-07-02 16:00",-184.0,-504.0,-320.0
P1A-NORTH-B/C1-50,"BUILDING EXTERIOR LIGHTS","2026-06-05 16:00","2026-07-21 16:00",-216.0,-536.0,-320.0
P2-EAST-D1/2-50,"BUILDING EXTERIOR LIGHTS","2026-06-22 16:00","2026-08-18 16:00",-216.0,-536.0,-320.0
P2-NORTH-D1/2-50,"BUILDING EXTERIOR LIGHTS","2026-06-17 16:00","2026-08-04 16:00",-216.0,-536.0,-320.0
P2-NWECY-D1/2-60,"BUILDING EXTERIOR LIGHTS","2026-06-10 16:00","2026-07-21 16:00",-216.0,-536.0,-320.0
P1A-02U-FIN-170,"PLUMBING TRIM / MINOR APPLIANCES","2026-06-22 16:00","2026-07-07 16:00",-208.0,-520.0,-312.0
P1A-EAST-C1-50,"BUILDING EXTERIOR LIGHTS - (MODIFIED FROM SECTOR C1 TO A)","2026-06-09 16:00","2026-08-04 16:00",-104.0,-416.0,-312.0
P1A-SOUTH-C1/B-50,"BUILDING EXTERIOR LIGHTS - (MODIFIED FROM SECTOR C1 TO A)","2026-06-05 16:00","2026-07-21 16:00",-104.0,-416.0,-312.0
P1A-02U-FIN-140,"FIRE SPRINKLER TRIM","2026-06-19 16:00","2026-07-07 16:00",-240.0,-520.0,-280.0
P1A-02U-FIN-300,"INSTALL MIRRORS","2026-06-19 16:00","2026-07-07 16:00",-240.0,-520.0,-280.0
U14-PCY-S-60,"BUILDING EXTERIOR LIGHTS","2026-06-15 16:00","2026-08-04 16:00",-136.0,-416.0,-280.0
P1A-02U-FIN-190,"LOW VOLTAGE TRIM","2026-06-19 16:00","2026-07-07 16:00",-256.0,-520.0,-264.0
P1B-NORTH-C2-60,"BUILDING EXTERIOR LIGHTS","2026-06-03 16:00","2026-07-21 16:00",-72.0,-336.0,-264.0
P1B-WEST-C2-60,"BUILDING EXTERIOR LIGHTS","2026-06-03 16:00","2026-07-21 16:00",-72.0,-336.0,-264.0
P1A-03U-FIN-100,"INSTALL CLOSET SHELVING","2026-06-22 16:00","2026-07-08 16:00",-288.0,-544.0,-256.0
P1A-03U-FIN-200,"ELECTRICAL / FA TRIM","2026-06-29 16:00","2026-07-08 16:00",-288.0,-544.0,-256.0
P1A-03U-FIN-210,"ROUGH CLEAN","2026-07-09 16:00","2026-07-10 16:00",-288.0,-544.0,-256.0
P1A-03U-FIN-290,"INSTALL DOOR HARDWARE","2026-07-07 16:00","2026-07-08 16:00",-288.0,-544.0,-256.0
FAB/DEL-240,"OWNER FAB/DEL IDENTIFICATION SIGNS","2026-05-29 16:00","2026-07-10 16:00",-152.0,-384.0,-232.0
SITEDEV-S-75,"LANDSCAPING SOUTH","2026-06-24 16:00","2026-06-30 16:00",-208.0,-440.0,-232.0
P2-EAST-D1/2-70,GUTTERS,"2026-07-16 16:00","2026-08-25 16:00",-312.0,-536.0,-224.0
P1A-02U-FIN-210,"ROUGH CLEAN","2026-07-13 16:00","2026-07-09 16:00",-304.0,-520.0,-216.0
P1A-02U-FIN-290,"INSTALL DOOR HARDWARE","2026-07-09 16:00","2026-07-07 16:00",-304.0,-520.0,-216.0
P1A-02U-FIN-100,"INSTALL CLOSET SHELVING","2026-06-24 16:00","2026-07-07 16:00",-328.0,-520.0,-192.0
P1A-02U-FIN-200,"ELECTRICAL / FA TRIM","2026-07-01 16:00","2026-07-07 16:00",-328.0,-520.0,-192.0
P1A-WEST-A/B-80,"INSTALL AWNINGS","2026-06-12 16:00","2026-07-15 16:00",-128.0,-304.0,-176.0
P1A-WEST-A/B-90,"INSTALL SHUTTERS","2026-06-12 16:00","2026-07-15 16:00",-152.0,-328.0,-176.0
FAB/DEL-210,"FAB/DEL WINDOW TREATMENT","2026-06-01 16:00","2026-07-10 16:00",-264.0,-432.0,-168.0
P1A-EAST-A-80,"INSTALL SHUTTERS - East Elev.","2026-06-29 16:00","2026-07-29 16:00",-240.0,-408.0,-168.0
P1A-EAST-C1-60,"INSTALL SHUTTERS - (MODIFIED FROM SECTOR C1 TO A)","2026-06-22 16:00","2026-07-22 16:00",-256.0,-424.0,-168.0
P1A-NORTH-B/C1-70,"INSTALL SHUTTERS","2026-07-07 16:00","2026-08-05 16:00",-256.0,-424.0,-168.0
P1A-SOUTH-A-80,"INSTALL SHUTTERS - South Elev.","2026-07-02 16:00","2026-08-03 16:00",-240.0,-408.0,-168.0
P1A-SOUTH-C1/B-60,"INSTALL SHUTTERS - (MODIFIED FROM SECTOR C1 TO A)","2026-06-15 16:00","2026-07-15 16:00",-256.0,-424.0,-168.0
U14-CLOSEOUT-30,"TEST & BALANCE - PHASE 1","2026-06-23 16:00","2026-07-23 16:00",-16.0,-184.0,-168.0
U14-CLOSEOUT-40,"COMMISSIONING - PHASE 1","2026-06-30 16:00","2026-07-30 16:00",-16.0,-184.0,-168.0
P1A-FITNESS-20,"INSTALL FITNESS FLOORING","2026-06-05 16:00","2026-07-02 16:00",-136.0,-288.0,-152.0
P1A-FITNESS-30,"INSTALL FITNESS MIRRORS","2026-06-09 16:00","2026-07-07 16:00",-136.0,-288.0,-152.0
P1A-FITNESS-40,"INSTALL FITNESS EQUIPMENT","2026-06-11 16:00","2026-07-09 16:00",-136.0,-288.0,-152.0
P1A-KITCHEN-110,"COOLER/FREEZER STARTUP","2026-06-08 16:00","2026-07-06 16:00",-112.0,-264.0,-152.0
P1A-KITCHEN-180,"GC PUNCH KITCHEN","2026-06-12 16:00","2026-07-10 16:00",72.0,-80.0,-152.0
FILTER-OUT-20,"ENVELOPE COMPLETION","2026-07-30 16:00","2026-08-25 16:00",-392.0,-536.0,-144.0
P1A-EAST-A-90,"INSTALL AWNINGS - East Elev.","2026-06-12 16:00","2026-07-08 16:00",-312.0,-448.0,-136.0
P1A-EAST-C1-70,"INSTALL AWNINGS - (MODIFIED FROM SECTOR C1 TO A)","2026-07-06 16:00","2026-07-29 16:00",-312.0,-448.0,-136.0
P1A-SOUTH-C1/B-70,"INSTALL AWNINGS - (MODIFIED FROM SECTOR C1 TO A)","2026-06-26 16:00","2026-07-22 16:00",-312.0,-448.0,-136.0
P1B-01C-FIN-10,"HANG DRYWALL AT CORRIDOR","2026-06-19 16:00","2026-07-14 16:00",-352.0,-488.0,-136.0
P1B-01C-FIN-30,"FINISH DRYWALL AT CORRIDOR","2026-07-06 16:00","2026-07-28 16:00",-352.0,-488.0,-136.0
P1B-NORTH-C2-50,"INSTALL AWNINGS","2026-06-29 16:00","2026-07-23 16:00",-288.0,-424.0,-136.0
P1B-NWCY-C2-50,"INSTALL AWNINGS","2026-07-13 16:00","2026-08-05 16:00",-288.0,-424.0,-136.0
P1B-WEST-C2-50,"INSTALL AWNINGS","2026-07-02 16:00","2026-07-28 16:00",-240.0,-376.0,-136.0
P2-EAST-D1/2-60,"INSTALL AWNINGS","2026-07-09 16:00","2026-08-03 16:00",-312.0,-448.0,-136.0
P2-NORTH-D1/2-60,"INSTALL AWNINGS","2026-06-24 16:00","2026-07-20 16:00",-288.0,-424.0,-136.0
P2-NWECY-D1/2-50,"INSTALL AWNINGS","2026-07-02 16:00","2026-07-28 16:00",-288.0,-424.0,-136.0
U14-PCY-S-50,"INSTALL AWNINGS","2026-07-08 16:00","2026-07-31 16:00",-288.0,-424.0,-136.0
P1A-KITCHEN-170,"INSTALL ANSL SYSTEM","2026-06-16 16:00","2026-07-09 16:00",-160.0,-288.0,-128.0
U13-SITEDEVCOMP-E-70,"2ND LIFT ASPHALT NORTH","2026-06-25 16:00","2026-07-20 16:00",-312.0,-440.0,-128.0
P1B-01-RI-150,"CEILING COVER-UP INSPECTION","2026-06-08 16:00","2026-07-07 16:00",-480.0,-592.0,-112.0
P1B-01-RI-50,"INSTALL HM UNIT ENTRY FRAMES","2026-06-01 16:00","2026-06-29 16:00",-504.0,-616.0,-112.0
P1B-02-RI-50,"INSTALL HM UNIT ENTRY FRAMES","2026-06-05 16:00","2026-07-06 16:00",-504.0,-616.0,-112.0
P1B-03C-FIN-30,"FINISH DRYWALL AT CORRIDOR","2026-06-19 16:00","2026-07-10 16:00",-272.0,-384.0,-112.0
P2-FINBLDG,"FINAL BUILDING INSPECTIONS FOR PHASE III 46 UNITS TURNOVER","2026-08-19 16:00","2026-09-09 16:00",-424.0,-536.0,-112.0
P1A-02C-FIN-40,"PRIME PAINT DRYWALL AT CORRIDOR","2026-06-23 16:00","2026-07-13 16:00",-280.0,-384.0,-104.0
P1A-02C-FIN-50,"FIRE SPRINKLER TRIM AT CORRIDOR","2026-06-26 16:00","2026-07-16 16:00",-256.0,-360.0,-104.0
P1A-02C-FIN-60,"HVAC TRIM AT CORRIDOR","2026-06-26 16:00","2026-07-16 16:00",-256.0,-360.0,-104.0
P1A-02C-FIN-80,"LOW VOLTAGE TRIM AT CORRIDOR","2026-06-30 16:00","2026-07-20 16:00",-272.0,-376.0,-104.0
P1A-03C-FIN-110,"GC PUNCH CORRIDOR","2026-07-06 16:00","2026-07-23 16:00",24.0,-80.0,-104.0
P1A-03C-FIN-120,"OWNER WALK CORRIDOR","2026-07-07 16:00","2026-07-24 16:00",24.0,-80.0,-104.0
P1A-03C-FIN-130,"OWNER PUNCH CORRIDOR","2026-07-09 16:00","2026-07-28 16:00",24.0,-80.0,-104.0
P1A-03C-FIN-140,"OWNER ACCEPTANCE / TURNOVER CORRIDOR","2026-07-10 16:00","2026-07-29 16:00",24.0,-80.0,-104.0
P1A-03C-FIN-150,"OWNER INSTALL SIGNAGE AT CORRIDOR","2026-07-06 16:00","2026-07-23 16:00",-264.0,-368.0,-104.0
P1A-KITCHEN-120,"KITCHEN HVAC STARTUP","2026-06-12 16:00","2026-06-30 16:00",-168.0,-264.0,-96.0
P1A-KITCHEN-130,"KITCHEN ACT TILE","2026-06-17 16:00","2026-07-06 16:00",-168.0,-264.0,-96.0
P1B-01-RI-120,"OVERHEAD PLUMBING ROUGH-IN & INSPECT","2026-06-05 16:00","2026-07-06 16:00",-496.0,-592.0,-96.0
P1B-01-RI-130,"INSTALL SPRINKLER HEADS & CAP & INSPECT","2026-06-05 16:00","2026-07-06 16:00",-496.0,-592.0,-96.0
P1B-01-RI-140,"OVERHEAD ELECTRICAL ROUGH-IN & INSPECT","2026-06-05 16:00","2026-07-06 16:00",-496.0,-592.0,-96.0
P1B-01U-FIN-20,INSULATE,"2026-06-11 16:00","2026-07-08 16:00",-496.0,-592.0,-96.0
P1B-EXT-01-30,"WATERPROOFING REQUIREMENTS 1ST FL","2026-06-26 16:00","2026-07-15 16:00",-328.0,-424.0,-96.0
P1B-EXT-01-40,"INSTALL RAILINGS ON EXTERIOR BUILDING","2026-07-06 16:00","2026-07-22 16:00",-328.0,-424.0,-96.0
P2-01C-FIN-110,"GC PUNCH CORRIDOR","2026-07-16 16:00","2026-08-03 16:00",-256.0,-352.0,-96.0
P2-01C-FIN-120,"OWNER WALK CORRIDOR","2026-07-17 16:00","2026-08-04 16:00",-256.0,-352.0,-96.0
P2-01C-FIN-130,"OWNER PUNCH CORRIDOR","2026-07-21 16:00","2026-08-06 16:00",-256.0,-352.0,-96.0
P2-01C-FIN-140,"OWNER ACCEPTANCE / TURNOVER CORRIDOR","2026-07-22 16:00","2026-08-07 16:00",-256.0,-352.0,-96.0
P2-01C-FIN-150,"OWNER INSTALL SIGNAGE AT CORRIDOR","2026-07-15 16:00","2026-07-31 16:00",-400.0,-496.0,-96.0
P2-01C-FIN-90,"INSTALL FLOORING & BASE AT CORRIDOR","2026-07-14 16:00","2026-07-30 16:00",-400.0,-496.0,-96.0
P2-01U-FIN-240,"GC PUNCH UNITS","2026-07-24 16:00","2026-08-11 16:00",-400.0,-496.0,-96.0
P2-01U-FIN-250,"OWNER WALK UNITS","2026-07-29 16:00","2026-08-14 16:00",-400.0,-496.0,-96.0
P2-01U-FIN-260,"OWNER PUNCH UNITS","2026-08-12 16:00","2026-08-28 16:00",-400.0,-496.0,-96.0
P2-01U-FIN-280,"INSTALL WINDOW TREATMENTS","2026-07-08 16:00","2026-07-24 16:00",-360.0,-456.0,-96.0
P2-EXT-01-30,"WATERPROOFING REQUIREMENTS 1ST FLOOR","2026-06-04 16:00","2026-07-02 16:00",-328.0,-424.0,-96.0
P2-EXT-02-30,"WATERPROOFING REQUIREMENTS 2ND FLOOR","2026-06-10 16:00","2026-07-02 16:00",-328.0,-424.0,-96.0
P2-EXT-03-30,"WATERPROOFING REQUIREMENTS 3RD FLOOR","2026-06-16 16:00","2026-07-02 16:00",-328.0,-424.0,-96.0
