project_key,budget_code_key,month,row_count,amount
tropical,0000.03-01-025.MAT,2024-06,1,172.02
tropical,0000.03-01-025.MAT,2024-07,1,0.25
tropical,0000.03-01-025.MAT,2024-09,1,547.62
tropical,0000.03-01-025.MAT,2024-10,1,312.51
tropical,0000.03-01-413.LAB,2023-06,1,692.32
tropical,0000.03-01-413.LAB,2023-07,1,3461.6
tropical,0000.03-01-413.LAB,2023-12,1,1453.92
tropical,0000.03-01-413.LAB,2024-06,1,3730.88
tropical,0000.03-01-413.LAB,2024-07,1,13539.7
tropical,0000.03-01-413.LAB,2024-08,1,32160.86
tropical,0000.03-01-413.LAB,2024-09,1,8057.1
tropical,0000.03-01-413.LAB,2024-10,1,36857.49
tropical,0000.03-01-413.LAB,2024-11,1,27406.8
tropical,0000.03-01-413.LBN,2023-06,1,115.63
tropical,0000.03-01-413.LBN,2023-07,1,578.18
tropical,0000.03-01-413.LBN,2023-12,1,279.4
tropical,0000.03-01-413.LBN,2024-06,1,725.81
tropical,0000.03-01-413.LBN,2024-07,1,2741.01
tropical,0000.03-01-413.LBN,2024-08,1,6383.43
tropical,0000.03-01-413.LBN,2024-09,1,1625.07
tropical,0000.03-01-413.LBN,2024-10,1,6230.82
tropical,0000.03-01-413.LBN,2024-11,1,5807.84
tropical,0000.03-01-413.MAT,2023-11,1,65.6
tropical,0000.03-01-413.MAT,2024-06,1,86.08
tropical,0000.03-01-413.MAT,2024-07,1,149.02
tropical,0000.03-01-413.MAT,2024-09,1,925.25
tropical,0000.03-01-413.MAT,2024-10,1,2485.28
tropical,0000.03-01-413.MAT,2024-11,1,472.71
tropical,0000.03-01-413.MAT,2024-12,1,95.05
tropical,1000.10-01-025.MAT,2024-11,1,161.88
tropical,1000.10-01-025.MAT,2024-12,1,112.71
tropical,1000.10-01-025.MAT,2025-01,1,19.84
tropical,1000.10-01-025.MAT,2025-02,1,320.15
tropical,1000.10-01-025.MAT,2025-03,1,2487.73
tropical,1000.10-01-025.MAT,2025-04,1,259.23
tropical,1000.10-01-025.MAT,2025-05,1,0.85
tropical,1000.10-01-025.MAT,2025-06,1,78.47
tropical,1000.10-01-025.MAT,2025-07,1,101.55
tropical,1000.10-01-025.MAT,2025-08,1,165.33
tropical,1000.10-01-025.MAT,2025-09,1,3.0
tropical,1000.10-01-025.MAT,2025-10,1,25.5
tropical,1000.10-01-025.MAT,2025-11,1,1.85
tropical,1000.10-01-025.MAT,2025-12,1,12.5
tropical,1000.10-01-025.MAT,2026-02,1,1.0
tropical,1000.10-01-025.MAT,2026-03,1,24.41
tropical,1000.10-01-025.MAT,2026-05,1,0.25
tropical,1000.10-01-302.LAB,2025-01,1,1371.96
tropical,1000.10-01-302.LAB,2025-02,1,1370.82
tropical,1000.10-01-302.LAB,2025-03,1,1992.4
tropical,1000.10-01-302.LAB,2025-04,1,1394.68
tropical,1000.10-01-302.LAB,2025-05,1,1195.44
tropical,1000.10-01-302.LAB,2025-06,1,597.72
tropical,1000.10-01-302.LAB,2025-07,1,1295.06
tropical,1000.10-01-302.LAB,2025-08,1,805.48
tropical,1000.10-01-302.LAB,2025-09,1,4269.02
tropical,1000.10-01-302.LAB,2025-10,1,1492.83
tropical,1000.10-01-302.LAB,2025-11,1,8452.25
tropical,1000.10-01-302.LAB,2025-12,1,1437.56
tropical,1000.10-01-302.LAB,2026-01,1,230.78
tropical,1000.10-01-302.LAB,2026-02,1,1002.46
tropical,1000.10-01-302.LAB,2026-03,1,134.62
tropical,1000.10-01-302.LAB,2026-04,1,134.62
tropical,1000.10-01-302.LAB,2026-05,1,67.31
tropical,1000.10-01-302.LBN,2025-01,1,308.34
tropical,1000.10-01-302.LBN,2025-02,1,288.13
tropical,1000.10-01-302.LBN,2025-03,1,394.5
tropical,1000.10-01-302.LBN,2025-04,1,276.12
tropical,1000.10-01-302.LBN,2025-05,1,236.67
tropical,1000.10-01-302.LBN,2025-06,1,118.33
tropical,1000.10-01-302.LBN,2025-07,1,256.43
tropical,1000.10-01-302.LBN,2025-08,1,170.46
tropical,1000.10-01-302.LBN,2025-09,1,464.47
tropical,1000.10-01-302.LBN,2025-10,1,295.56
tropical,1000.10-01-302.LBN,2025-11,1,1642.25
tropical,1000.10-01-302.LBN,2025-12,1,280.12
tropical,1000.10-01-302.LBN,2026-01,1,46.42
tropical,1000.10-01-302.LBN,2026-02,1,206.48
tropical,1000.10-01-302.LBN,2026-03,1,26.01
tropical,1000.10-01-302.LBN,2026-04,1,26.01
tropical,1000.10-01-302.LBN,2026-05,1,13.01
tropical,1000.10-01-302.MAT,2025-07,1,28.0
tropical,1000.10-01-302.MAT,2025-08,1,30.8
tropical,1000.10-01-302.MAT,2025-09,1,28.0
tropical,1000.10-01-302.MAT,2025-10,1,28.0
tropical,1000.10-01-302.MAT,2025-12,1,28.0
tropical,1000.10-01-308.LAB,2024-11,1,2740.8
tropical,1000.10-01-308.LAB,2024-12,1,3654.4
tropical,1000.10-01-308.LAB,2025-01,1,4568.0
tropical,1000.10-01-308.LAB,2025-02,1,6443.2
tropical,1000.10-01-308.LAB,2025-03,1,9232.0
tropical,1000.10-01-308.LAB,2025-04,1,9232.0
tropical,1000.10-01-308.LAB,2025-05,1,11540.0
tropical,1000.10-01-308.LAB,2025-06,1,9232.0
tropical,1000.10-01-308.LAB,2025-07,1,9232.0
tropical,1000.10-01-308.LAB,2025-08,1,2500.0
tropical,1000.10-01-308.LAB,2025-11,1,3384.96
tropical,1000.10-01-308.LBN,2024-11,1,524.34
tropical,1000.10-01-308.LBN,2024-12,1,699.2
tropical,1000.10-01-308.LBN,2025-01,1,903.0
tropical,1000.10-01-308.LBN,2025-02,1,1232.8
tropical,1000.10-01-308.LBN,2025-03,1,1766.41
tropical,1000.10-01-308.LBN,2025-04,1,1766.39
tropical,1000.10-01-308.LBN,2025-05,1,2208.0
tropical,1000.10-01-308.LBN,2025-06,1,1766.4
tropical,1000.10-01-308.LBN,2025-07,1,1766.52
tropical,1000.10-01-308.LBN,2025-08,1,479.64
tropical,1000.10-01-308.LBN,2025-11,1,692.12
tropical,1000.10-01-308.MAT,2025-04,1,790.99
tropical,1000.10-01-308.MAT,2025-05,1,660.99
tropical,1000.10-01-308.MAT,2025-06,1,720.0
tropical,1000.10-01-308.MAT,2025-09,1,32.9
tropical,1000.10-01-310.LAB,2025-01,1,79.34
tropical,1000.10-01-310.LAB,2025-02,1,317.36
tropical,1000.10-01-310.LAB,2025-03,1,729.48
tropical,1000.10-01-310.LAB,2025-04,1,1015.19
tropical,1000.10-01-310.LAB,2025-05,1,1896.94
tropical,1000.10-01-310.LAB,2025-06,1,1357.48
tropical,1000.10-01-310.LAB,2025-07,1,1495.61
tropical,1000.10-01-310.LAB,2025-08,1,2353.57
tropical,1000.10-01-310.LAB,2025-09,1,1645.63
tropical,1000.10-01-310.LAB,2025-10,1,2629.73
tropical,1000.10-01-310.LAB,2025-11,1,1962.26
tropical,1000.10-01-310.LAB,2025-12,1,1400.34
tropical,1000.10-01-310.LAB,2026-01,1,1967.45
tropical,1000.10-01-310.LAB,2026-02,1,2456.08
tropical,1000.10-01-310.LAB,2026-03,1,2029.16
tropical,1000.10-01-310.LAB,2026-04,1,2702.48
tropical,1000.10-01-310.LAB,2026-05,1,2779.7
tropical,1000.10-01-310.LAB,2026-06,1,297.31
tropical,1000.10-01-310.LBN,2025-01,1,15.54
tropical,1000.10-01-310.LBN,2025-02,1,62.16
tropical,1000.10-01-310.LBN,2025-03,1,140.05
tropical,1000.10-01-310.LBN,2025-04,1,192.73
tropical,1000.10-01-310.LBN,2025-05,1,360.06
tropical,1000.10-01-310.LBN,2025-06,1,261.13
tropical,1000.10-01-310.LBN,2025-07,1,285.72
tropical,1000.10-01-310.LBN,2025-08,1,448.34
tropical,1000.10-01-310.LBN,2025-09,1,311.97
tropical,1000.10-01-310.LBN,2025-10,1,497.12
tropical,1000.10-01-310.LBN,2025-11,1,371.64
tropical,1000.10-01-310.LBN,2025-12,1,248.2
tropical,1000.10-01-310.LBN,2026-01,1,381.52
tropical,1000.10-01-310.LBN,2026-02,1,471.22
tropical,1000.10-01-310.LBN,2026-03,1,386.81
tropical,1000.10-01-310.LBN,2026-04,1,516.17
tropical,1000.10-01-310.LBN,2026-05,1,537.2
tropical,1000.10-01-310.LBN,2026-06,1,57.43
tropical,1000.10-01-311.LAB,2024-11,1,2423.28
tropical,1000.10-01-311.LAB,2024-12,1,7577.52
tropical,1000.10-01-311.LAB,2025-01,1,9443.08
tropical,1000.10-01-311.LAB,2025-02,1,9294.01
tropical,1000.10-01-311.LAB,2025-03,1,9510.38
tropical,1000.10-01-311.LAB,2025-04,1,7231.36
tropical,1000.10-01-311.LAB,2025-05,1,7485.97
tropical,1000.10-01-311.LAB,2025-06,1,5644.52
tropical,1000.10-01-311.LAB,2025-07,1,5644.52
tropical,1000.10-01-311.LAB,2025-08,1,7401.81
tropical,1000.10-01-311.LAB,2025-09,1,8228.77
tropical,1000.10-01-311.LAB,2025-10,1,11567.88
tropical,1000.10-01-311.LAB,2025-11,1,5096.4
tropical,1000.10-01-311.LAB,2025-12,1,5644.52
tropical,1000.10-01-311.LAB,2026-01,1,11382.45
tropical,1000.10-01-311.LAB,2026-02,1,18028.54
tropical,1000.10-01-311.LAB,2026-03,1,14711.23
tropical,1000.10-01-311.LAB,2026-04,1,10095.95
tropical,1000.10-01-311.LAB,2026-05,1,14615.34
tropical,1000.10-01-311.LAB,2026-06,1,2307.64
tropical,1000.10-01-311.LBN,2024-11,1,489.03
tropical,1000.10-01-311.LBN,2024-12,1,1419.06
tropical,1000.10-01-311.LBN,2025-01,1,1933.44
tropical,1000.10-01-311.LBN,2025-02,1,1881.61
tropical,1000.10-01-311.LBN,2025-03,1,1922.22
tropical,1000.10-01-311.LBN,2025-04,1,1460.28
tropical,1000.10-01-311.LBN,2025-05,1,1519.67
tropical,1000.10-01-311.LBN,2025-06,1,1145.54
tropical,1000.10-01-311.LBN,2025-07,1,1145.59
tropical,1000.10-01-311.LBN,2025-08,1,1500.36
tropical,1000.10-01-311.LBN,2025-09,1,1644.65
tropical,1000.10-01-311.LBN,2025-10,1,2169.0
tropical,1000.10-01-311.LBN,2025-11,1,858.15
tropical,1000.10-01-311.LBN,2025-12,1,813.97
tropical,1000.10-01-311.LBN,2026-01,1,2329.11
tropical,1000.10-01-311.LBN,2026-02,1,3728.9
tropical,1000.10-01-311.LBN,2026-03,1,3047.73
tropical,1000.10-01-311.LBN,2026-04,1,2046.13
tropical,1000.10-01-311.LBN,2026-05,1,3057.78
tropical,1000.10-01-311.LBN,2026-06,1,482.37
tropical,1000.10-01-311.MAT,2024-11,1,110.2
tropical,1000.10-01-311.MAT,2024-12,1,521.38
tropical,1000.10-01-311.MAT,2025-01,1,4344.66
tropical,1000.10-01-311.MAT,2025-02,1,660.12
tropical,1000.10-01-311.MAT,2025-03,1,593.21
tropical,1000.10-01-311.MAT,2025-04,1,395.06
tropical,1000.10-01-311.MAT,2025-05,1,921.45
tropical,1000.10-01-311.MAT,2025-06,1,584.02
tropical,1000.10-01-311.MAT,2025-07,1,656.92
tropical,1000.10-01-311.MAT,2025-08,1,687.98
tropical,1000.10-01-311.MAT,2025-09,1,858.01
tropical,1000.10-01-311.MAT,2025-10,1,892.59
tropical,1000.10-01-311.MAT,2025-11,1,470.11
tropical,1000.10-01-311.MAT,2025-12,1,999.59
tropical,1000.10-01-311.MAT,2026-01,1,717.5
tropical,1000.10-01-311.MAT,2026-02,1,1179.16
tropical,1000.10-01-311.MAT,2026-03,1,480.11
tropical,1000.10-01-311.MAT,2026-04,1,183.08
tropical,1000.10-01-312.LAB,2024-11,1,1346.24
tropical,1000.10-01-312.LAB,2024-12,1,1827.04
tropical,1000.10-01-312.LAB,2025-02,1,3080.0
tropical,1000.10-01-312.LAB,2025-04,1,6160.0
tropical,1000.10-01-312.LAB,2025-05,1,16158.4
tropical,1000.10-01-312.LAB,2025-06,1,12424.48
tropical,1000.10-01-312.LAB,2025-07,1,13078.4
tropical,1000.10-01-312.LAB,2025-08,1,16348.0
tropical,1000.10-01-312.LAB,2025-09,1,13078.4
tropical,1000.10-01-312.LAB,2025-10,1,16348.0
tropical,1000.10-01-312.LAB,2025-11,1,18848.0
tropical,1000.10-01-312.LAB,2025-12,1,20771.2
tropical,1000.10-01-312.LAB,2026-01,1,20386.56
tropical,1000.10-01-312.LAB,2026-02,1,3923.52
tropical,1000.10-01-312.LBN,2024-11,1,328.74
tropical,1000.10-01-312.LBN,2024-12,1,446.1
tropical,1000.10-01-312.LBN,2025-02,1,768.47
tropical,1000.10-01-312.LBN,2025-04,1,1526.85
tropical,1000.10-01-312.LBN,2025-05,1,4006.35
tropical,1000.10-01-312.LBN,2025-06,1,3080.77
tropical,1000.10-01-312.LBN,2025-07,1,3242.89
tropical,1000.10-01-312.LBN,2025-08,1,4053.6
tropical,1000.10-01-312.LBN,2025-09,1,3242.47
tropical,1000.10-01-312.LBN,2025-10,1,4052.93
tropical,1000.10-01-312.LBN,2025-11,1,4670.96
tropical,1000.10-01-312.LBN,2025-12,1,5147.18
tropical,1000.10-01-312.LBN,2026-01,1,5148.69
tropical,1000.10-01-312.LBN,2026-02,1,964.31
tropical,1000.10-01-312.MAT,2024-11,1,300.0
tropical,1000.10-01-312.MAT,2025-01,1,600.0
tropical,1000.10-01-312.MAT,2025-02,1,600.0
tropical,1000.10-01-312.MAT,2025-03,1,600.0
tropical,1000.10-01-312.MAT,2025-04,1,1117.1
tropical,1000.10-01-312.MAT,2025-05,1,1535.25
tropical,1000.10-01-312.MAT,2025-06,1,1049.71
tropical,1000.10-01-312.MAT,2025-07,1,1107.64
tropical,1000.10-01-312.MAT,2025-08,1,1097.51
tropical,1000.10-01-312.MAT,2025-09,1,1178.55
tropical,1000.10-01-312.MAT,2025-10,1,1049.87
tropical,1000.10-01-312.MAT,2025-11,1,1933.53
tropical,1000.10-01-312.MAT,2025-12,1,2148.8
tropical,1000.10-01-312.MAT,2026-01,1,625.48
tropical,1000.10-01-312.MAT,2026-02,1,176.43
tropical,1000.10-01-314.LAB,2024-11,1,8366.4
tropical,1000.10-01-314.LAB,2024-12,1,21834.72
tropical,1000.10-01-314.LAB,2025-01,1,34344.32
tropical,1000.10-01-314.LAB,2025-02,1,24049.28
tropical,1000.10-01-314.LAB,2025-03,1,27225.44
tropical,1000.10-01-314.LAB,2025-04,1,19815.36
tropical,1000.10-01-314.LAB,2025-05,1,15963.36
tropical,1000.10-01-314.LAB,2025-06,1,11636.0
tropical,1000.10-01-314.LAB,2025-07,1,12405.28
tropical,1000.10-01-314.LAB,2025-08,1,15328.72
tropical,1000.10-01-314.LAB,2025-09,1,14231.36
tropical,1000.10-01-314.LAB,2025-10,1,17404.16
tropical,1000.10-01-314.LAB,2025-11,1,22212.32
tropical,1000.10-01-314.LAB,2025-12,1,25385.6
tropical,1000.10-01-314.LAB,2026-01,1,35674.64
tropical,1000.10-01-314.LAB,2026-02,1,36444.32
tropical,1000.10-01-314.LAB,2026-03,1,35771.2
tropical,1000.10-01-314.LAB,2026-04,1,36347.2
tropical,1000.10-01-314.LAB,2026-05,1,45674.0
tropical,1000.10-01-314.LAB,2026-06,1,9134.8
tropical,1000.10-01-314.LBN,2024-11,1,1690.42
tropical,1000.10-01-314.LBN,2024-12,1,4684.98
tropical,1000.10-01-314.LBN,2025-01,1,8017.26
tropical,1000.10-01-314.LBN,2025-02,1,5451.51
tropical,1000.10-01-314.LBN,2025-03,1,6223.47
tropical,1000.10-01-314.LBN,2025-04,1,4391.27
tropical,1000.10-01-314.LBN,2025-05,1,3310.49
tropical,1000.10-01-314.LBN,2025-06,1,2371.43
tropical,1000.10-01-314.LBN,2025-07,1,2558.75
tropical,1000.10-01-314.LBN,2025-08,1,3155.37
tropical,1000.10-01-314.LBN,2025-09,1,3001.2
tropical,1000.10-01-314.LBN,2025-10,1,3656.22
tropical,1000.10-01-314.LBN,2025-11,1,5053.32
tropical,1000.10-01-314.LBN,2025-12,1,5708.15
tropical,1000.10-01-314.LBN,2026-01,1,8322.0
tropical,1000.10-01-314.LBN,2026-02,1,8438.75
tropical,1000.10-01-314.LBN,2026-03,1,8260.44
tropical,1000.10-01-314.LBN,2026-04,1,8409.89
tropical,1000.10-01-314.LBN,2026-05,1,10565.1
tropical,1000.10-01-314.LBN,2026-06,1,2113.03
tropical,1000.10-01-314.MAT,2024-10,1,74.42
tropical,1000.10-01-314.MAT,2024-11,1,816.45
tropical,1000.10-01-314.MAT,2024-12,1,1476.86
tropical,1000.10-01-314.MAT,2025-01,1,2757.29
tropical,1000.10-01-314.MAT,2025-02,1,1259.01
tropical,1000.10-01-314.MAT,2025-03,1,1572.21
tropical,1000.10-01-314.MAT,2025-04,1,931.79
tropical,1000.10-01-314.MAT,2025-05,1,1089.88
tropical,1000.10-01-314.MAT,2025-06,1,868.84
tropical,1000.10-01-314.MAT,2025-07,1,930.16
tropical,1000.10-01-314.MAT,2025-08,1,872.95
tropical,1000.10-01-314.MAT,2025-09,1,1548.54
tropical,1000.10-01-314.MAT,2025-10,1,1318.15
tropical,1000.10-01-314.MAT,2025-11,1,1717.38
tropical,1000.10-01-314.MAT,2025-12,1,1944.73
tropical,1000.10-01-314.MAT,2026-01,1,2319.64
tropical,1000.10-01-314.MAT,2026-02,1,4888.23
tropical,1000.10-01-314.MAT,2026-03,1,3198.02
tropical,1000.10-01-314.MAT,2026-04,1,3842.23
tropical,1000.10-01-314.MAT,2026-05,1,4048.89
tropical,1000.10-01-315.LAB,2024-12,1,3269.6
tropical,1000.10-01-315.LAB,2025-01,1,5693.12
tropical,1000.10-01-315.LAB,2025-02,1,7308.8
tropical,1000.10-01-315.LAB,2025-03,1,7308.8
tropical,1000.10-01-315.LAB,2025-04,1,12502.4
tropical,1000.10-01-315.LAB,2025-05,1,12944.96
tropical,1000.10-01-315.LAB,2025-06,1,6539.2
tropical,1000.10-01-315.LAB,2025-07,1,6539.2
tropical,1000.10-01-315.LAB,2025-08,1,12893.2
tropical,1000.10-01-315.LAB,2025-09,1,6539.2
tropical,1000.10-01-315.LAB,2025-10,1,8174.0
tropical,1000.10-01-315.LAB,2025-11,1,7899.2
tropical,1000.10-01-315.LAB,2025-12,1,6539.2
tropical,1000.10-01-315.LAB,2026-01,1,8174.0
tropical,1000.10-01-315.LAB,2026-02,1,6539.2
tropical,1000.10-01-315.LAB,2026-03,1,6539.2
tropical,1000.10-01-315.LAB,2026-04,1,8424.16
tropical,1000.10-01-315.LAB,2026-05,1,16348.4
tropical,1000.10-01-315.LAB,2026-06,1,4712.0
tropical,1000.10-01-315.LBN,2024-12,1,842.97
tropical,1000.10-01-315.LBN,2025-01,1,1450.37
tropical,1000.10-01-315.LBN,2025-02,1,1797.74
tropical,1000.10-01-315.LBN,2025-03,1,1797.47
tropical,1000.10-01-315.LBN,2025-04,1,2845.33
tropical,1000.10-01-315.LBN,2025-05,1,2796.93
tropical,1000.10-01-315.LBN,2025-06,1,1281.23
tropical,1000.10-01-315.LBN,2025-07,1,1281.16
tropical,1000.10-01-315.LBN,2025-08,1,2613.11
tropical,1000.10-01-315.LBN,2025-09,1,1284.43
tropical,1000.10-01-315.LBN,2025-10,1,1606.9
tropical,1000.10-01-315.LBN,2025-11,1,1702.5
tropical,1000.10-01-315.LBN,2025-12,1,1285.52
tropical,1000.10-01-315.LBN,2026-01,1,1660.19
tropical,1000.10-01-315.LBN,2026-02,1,1290.42
tropical,1000.10-01-315.LBN,2026-03,1,1285.51
tropical,1000.10-01-315.LBN,2026-04,1,1658.85
tropical,1000.10-01-315.LBN,2026-05,1,3299.11
tropical,1000.10-01-315.LBN,2026-06,1,1004.8
tropical,1000.10-01-315.MAT,2025-01,1,525.07
tropical,1000.10-01-315.MAT,2025-02,1,1952.06
tropical,1000.10-01-315.MAT,2025-03,1,1954.57
tropical,1000.10-01-315.MAT,2025-04,1,2168.98
tropical,1000.10-01-315.MAT,2025-05,1,586.21
tropical,1000.10-01-317.LAB,2024-11,1,2527.44
tropical,1000.10-01-317.LAB,2024-12,1,7706.43
tropical,1000.10-01-317.LAB,2025-01,1,9034.62
tropical,1000.10-01-317.LAB,2025-02,1,7062.09
tropical,1000.10-01-317.LAB,2025-03,1,7259.24
tropical,1000.10-01-317.LAB,2025-04,1,7101.52
tropical,1000.10-01-317.LAB,2025-05,1,11672.91
tropical,1000.10-01-317.LAB,2025-06,1,10205.52
tropical,1000.10-01-317.LAB,2025-07,1,10424.39
tropical,1000.10-01-317.LAB,2025-08,1,14021.0
tropical,1000.10-01-317.LAB,2025-09,1,9693.6
tropical,1000.10-01-317.LAB,2025-10,1,12270.6
tropical,1000.10-01-317.LAB,2025-11,1,10178.0
tropical,1000.10-01-317.LAB,2025-12,1,9847.2
tropical,1000.10-01-317.LAB,2026-01,1,12309.0
tropical,1000.10-01-317.LAB,2026-02,1,13732.4
tropical,1000.10-01-317.LAB,2026-03,1,13759.4
tropical,1000.10-01-317.LAB,2026-04,1,13345.9
tropical,1000.10-01-317.LAB,2026-05,1,15752.0
tropical,1000.10-01-317.LAB,2026-06,1,2654.2
tropical,1000.10-01-317.LBN,2024-11,1,536.41
tropical,1000.10-01-317.LBN,2024-12,1,1597.64
tropical,1000.10-01-317.LBN,2025-01,1,1848.62
tropical,1000.10-01-317.LBN,2025-02,1,1392.71
tropical,1000.10-01-317.LBN,2025-03,1,1430.82
tropical,1000.10-01-317.LBN,2025-04,1,1400.28
tropical,1000.10-01-317.LBN,2025-05,1,2434.03
tropical,1000.10-01-317.LBN,2025-06,1,2189.91
tropical,1000.10-01-317.LBN,2025-07,1,2219.99
tropical,1000.10-01-317.LBN,2025-08,1,2862.52
tropical,1000.10-01-317.LBN,2025-09,1,1903.02
tropical,1000.10-01-317.LBN,2025-10,1,2409.14
tropical,1000.10-01-317.LBN,2025-11,1,1997.41
tropical,1000.10-01-317.LBN,2025-12,1,1933.39
tropical,1000.10-01-317.LBN,2026-01,1,2496.83
tropical,1000.10-01-317.LBN,2026-02,1,2698.18
tropical,1000.10-01-317.LBN,2026-03,1,2693.69
tropical,1000.10-01-317.LBN,2026-04,1,2614.84
tropical,1000.10-01-317.LBN,2026-05,1,3087.15
tropical,1000.10-01-317.LBN,2026-06,1,521.44
tropical,1000.10-01-317.MAT,2024-11,1,50.92
tropical,1000.10-01-317.MAT,2024-12,1,80.0
tropical,1000.10-01-317.MAT,2025-01,1,1000.0
tropical,1000.10-01-317.MAT,2025-02,1,500.0
tropical,1000.10-01-317.MAT,2025-03,1,500.0
tropical,1000.10-01-317.MAT,2025-04,1,500.0
tropical,1000.10-01-317.MAT,2025-05,1,682.58
tropical,1000.10-01-317.MAT,2025-06,1,500.0
tropical,1000.10-01-317.MAT,2025-07,1,500.0
tropical,1000.10-01-317.MAT,2025-08,1,500.0
tropical,1000.10-01-317.MAT,2025-09,1,500.0
tropical,1000.10-01-317.MAT,2025-10,1,682.58
tropical,1000.10-01-317.MAT,2025-11,1,690.28
tropical,1000.10-01-317.MAT,2025-12,1,681.84
tropical,1000.10-01-317.MAT,2026-01,1,668.2
tropical,1000.10-01-317.MAT,2026-02,1,500.0
tropical,1000.10-01-317.MAT,2026-03,1,693.04
tropical,1000.10-01-317.MAT,2026-04,1,500.0
tropical,1000.10-01-317.MAT,2026-05,1,500.0
tropical,1000.10-01-318.LAB,2024-11,1,9519.6
tropical,1000.10-01-318.LAB,2024-12,1,12692.8
tropical,1000.10-01-318.LAB,2025-01,1,25098.0
tropical,1000.10-01-318.LAB,2025-02,1,17308.8
tropical,1000.10-01-318.LAB,2025-03,1,12692.8
tropical,1000.10-01-318.LAB,2025-04,1,12692.8
tropical,1000.10-01-318.LAB,2025-05,1,15866.0
tropical,1000.10-01-318.LAB,2025-06,1,12692.8
tropical,1000.10-01-318.LAB,2025-07,1,12692.8
tropical,1000.10-01-318.LAB,2025-08,1,18692.96
tropical,1000.10-01-318.LAB,2025-09,1,13846.4
tropical,1000.10-01-318.LAB,2025-10,1,23462.4
tropical,1000.10-01-318.LAB,2025-11,1,26155.2
tropical,1000.10-01-318.LAB,2025-12,1,26155.2
tropical,1000.10-01-318.LAB,2026-01,1,29232.4
tropical,1000.10-01-318.LAB,2026-02,1,12308.8
tropical,1000.10-01-318.LAB,2026-03,1,6154.4
tropical,1000.10-01-318.LAB,2026-05,1,7788.96
tropical,1000.10-01-318.LAB,2026-06,1,4327.2
tropical,1000.10-01-318.LBN,2024-11,1,1918.76
tropical,1000.10-01-318.LBN,2024-12,1,2509.69
tropical,1000.10-01-318.LBN,2025-01,1,5063.03
tropical,1000.10-01-318.LBN,2025-02,1,3441.54
tropical,1000.10-01-318.LBN,2025-03,1,2558.34
tropical,1000.10-01-318.LBN,2025-04,1,2558.34
tropical,1000.10-01-318.LBN,2025-05,1,3197.92
tropical,1000.10-01-318.LBN,2025-06,1,2558.34
tropical,1000.10-01-318.LBN,2025-07,1,2558.34
tropical,1000.10-01-318.LBN,2025-08,1,3752.56
tropical,1000.10-01-318.LBN,2025-09,1,2790.67
tropical,1000.10-01-318.LBN,2025-10,1,4813.42
tropical,1000.10-01-318.LBN,2025-11,1,5345.65
tropical,1000.10-01-318.LBN,2025-12,1,5315.61
tropical,1000.10-01-318.LBN,2026-01,1,6044.28
tropical,1000.10-01-318.LBN,2026-02,1,2506.21
tropical,1000.10-01-318.LBN,2026-03,1,1234.28
tropical,1000.10-01-318.LBN,2026-05,1,1670.42
tropical,1000.10-01-318.LBN,2026-06,1,895.72
tropical,1000.10-01-318.MAT,2024-11,1,672.36
tropical,1000.10-01-318.MAT,2024-12,1,2146.74
tropical,1000.10-01-318.MAT,2025-01,1,1861.21
tropical,1000.10-01-318.MAT,2025-02,1,1867.36
tropical,1000.10-01-318.MAT,2025-03,1,1848.6
tropical,1000.10-01-318.MAT,2025-04,1,1023.05
tropical,1000.10-01-318.MAT,2025-05,1,1097.72
tropical,1000.10-01-318.MAT,2025-06,1,1134.3
tropical,1000.10-01-318.MAT,2025-07,1,1020.92
tropical,1000.10-01-318.MAT,2025-08,1,1727.65
tropical,1000.10-01-318.MAT,2025-09,1,188.82
tropical,1000.10-01-318.MAT,2025-10,1,706.62
tropical,1000.10-01-318.MAT,2025-11,1,1672.92
tropical,1000.10-01-318.MAT,2025-12,1,1519.13
tropical,1000.10-01-318.MAT,2026-01,1,1446.23
tropical,1000.10-01-318.MAT,2026-02,1,1484.9
tropical,1000.10-01-318.MAT,2026-03,1,669.45
tropical,1000.10-01-318.MAT,2026-04,1,600.0
tropical,1000.10-01-318.MAT,2026-05,1,3063.23
tropical,1000.10-01-340.MAT,2024-11,1,2200.0
tropical,1000.10-01-340.MAT,2024-12,1,1950.0
tropical,1000.10-01-340.MAT,2025-01,1,1950.0
tropical,1000.10-01-340.MAT,2025-02,1,1950.0
tropical,1000.10-01-340.MAT,2025-03,1,2925.0
tropical,1000.10-01-340.MAT,2025-04,1,1950.0
tropical,1000.10-01-340.MAT,2025-05,1,2568.75
tropical,1000.10-01-340.MAT,2025-06,1,1950.0
tropical,1000.10-01-340.MAT,2025-07,1,1950.0
tropical,1000.10-01-340.MAT,2025-08,1,2087.5
tropical,1000.10-01-340.MAT,2025-10,1,2500.0
tropical,1000.10-01-340.MAT,2025-11,1,3600.0
tropical,1000.10-01-340.MAT,2025-12,1,1950.0
tropical,1000.10-01-340.MAT,2026-01,1,2250.0
tropical,1000.10-01-340.MAT,2026-02,1,4125.0
tropical,1000.10-01-340.MAT,2026-05,1,6750.0
tropical,1000.10-01-460.LAB,2024-11,1,105.78
tropical,1000.10-01-460.LAB,2024-12,1,76.94
tropical,1000.10-01-460.LAB,2025-01,1,230.82
tropical,1000.10-01-460.LAB,2025-02,1,307.76
tropical,1000.10-01-460.LAB,2025-03,1,375.04
tropical,1000.10-01-460.LAB,2025-04,1,110.58
tropical,1000.10-01-460.LAB,2025-05,1,757.25
tropical,1000.10-01-460.LAB,2025-06,1,1202.04
tropical,1000.10-01-460.LAB,2025-07,1,3735.82
tropical,1000.10-01-460.LAB,2025-08,1,8563.1
tropical,1000.10-01-460.LAB,2025-09,1,4764.74
tropical,1000.10-01-460.LAB,2025-10,1,4632.08
tropical,1000.10-01-460.LAB,2025-11,1,5482.22
tropical,1000.10-01-460.LAB,2025-12,1,3531.04
tropical,1000.10-01-460.LAB,2026-01,1,3965.74
tropical,1000.10-01-460.LAB,2026-02,1,2440.09
tropical,1000.10-01-460.LAB,2026-03,1,2029.0
