crosswalk_id,project_key,mapping_version,owner_sov_code,owner_cost_code_family,owner_scope_description,owner_description_match_rule,scope_relationship,coverage_type,comparison_level,allocation_required,allocation_method,allocation_percent_by_budget_code,covered_budget_code_key_patterns,covered_budget_code_keys,covered_budget_code_exclusion_patterns,covered_budget_code_exclusions,covered_procore_wbs_flat_code_patterns,covered_procore_wbs_flat_codes,covered_procore_wbs_flat_code_exclusion_patterns,covered_procore_wbs_flat_code_exclusions,covered_procore_or_budget_code_values,comparison_basis,confidence,approved_by,approved_date,notes
TROPICAL-OWNER-SOV-0001,tropical,2026-06-v1,10-XX-XXX,10-XX,Non-General Requirements owner summary scope,description != GENERAL REQUIREMENTS,one_to_many,summary_parent,owner_scope_rollup,False,not_allocated_compare_at_rollup,,"[""0000.03-*""]","[""0000.03-01-025.MAT"", ""0000.03-01-413.LAB"", ""0000.03-01-413.LBN"", ""0000.03-01-413.MAT"", ""1000.10-01-100.LAB"", ""1000.10-01-302.LAB"", ""1000.10-01-302.LBN"", ""1000.10-01-302.MAT"", ""1000.10-01-308.LAB"", ""1000.10-01-308.LBN"", ""1000.10-01-308.MAT"", ""1000.10-01-310.LAB"", ""1000.10-01-310.LBN"", ""1000.10-01-311.LAB"", ""1000.10-01-311.LBN"", ""1000.10-01-311.MAT"", ""1000.10-01-312.LAB"", ""1000.10-01-312.LBN"", ""1000.10-01-312.MAT"", ""1000.10-01-314.LAB"", ""1000.10-01-314.LBN"", ""1000.10-01-314.MAT"", ""1000.10-01-315.LAB"", ""1000.10-01-315.LBN"", ""1000.10-01-315.MAT"", ""1000.10-01-317.LAB"", ""1000.10-01-317.LBN"", ""1000.10-01-317.MAT"", ""1000.10-01-318.LAB"", ""1000.10-01-318.LBN"", ""1000.10-01-318.MAT"", ""1000.10-01-460.LAB"", ""1000.10-01-460.LBN"", ""1000.10-01-460.MAT""]",[],,"[""0000.03-*""]",[],[],,"[""0000.03-01-025.MAT"", ""0000.03-01-413.LAB"", ""0000.03-01-413.LBN"", ""0000.03-01-413.MAT"", ""1000.10-01-100.LAB"", ""1000.10-01-302.LAB"", ""1000.10-01-302.LBN"", ""1000.10-01-302.MAT"", ""1000.10-01-308.LAB"", ""1000.10-01-308.LBN"", ""1000.10-01-308.MAT"", ""1000.10-01-310.LAB"", ""1000.10-01-310.LBN"", ""1000.10-01-311.LAB"", ""1000.10-01-311.LBN"", ""1000.10-01-311.MAT"", ""1000.10-01-312.LAB"", ""1000.10-01-312.LBN"", ""1000.10-01-312.MAT"", ""1000.10-01-314.LAB"", ""1000.10-01-314.LBN"", ""1000.10-01-314.MAT"", ""1000.10-01-315.LAB"", ""1000.10-01-315.LBN"", ""1000.10-01-315.MAT"", ""1000.10-01-317.LAB"", ""1000.10-01-317.LBN"", ""1000.10-01-317.MAT"", ""1000.10-01-318.LAB"", ""1000.10-01-318.LBN"", ""1000.10-01-318.MAT"", ""1000.10-01-460.LAB"", ""1000.10-01-460.LBN"", ""1000.10-01-460.MAT""]",owner_scope_rollup_sell_value_vs_cost_caution,authoritative_user_provided,Bobby Fetting,2026-06-14,Owner code 10-XX-XXX covers all 0000.03-* values plus listed 1000.10-01 labor/labor-burden/material codes.
TROPICAL-OWNER-SOV-0002,tropical,2026-06-v1,10-XX-XXX,10-XX,GENERAL REQUIREMENTS,description == GENERAL REQUIREMENTS,one_to_many,summary_parent,owner_scope_rollup,False,not_allocated_compare_at_rollup,,"[""1000.10-*""]","[""1000.10-01-025.MAT"", ""1000.10-01-340.MAT"", ""1000.10-01-422.MAT"", ""1000.10-01-500.MAT"", ""1000.10-01-505.MAT"", ""1000.10-01-513.MAT"", ""1000.10-01-517.MAT"", ""1000.10-01-520.MAT"", ""1000.10-01-521.MAT"", ""1000.10-01-522.MAT"", ""1000.10-01-523.MAT"", ""1000.10-01-531.MAT"", ""1000.10-01-532.MAT"", ""1000.10-01-533.MAT"", ""1000.10-01-534.MAT"", ""1000.10-01-544.MAT"", ""1000.10-01-552.MAT"", ""1000.10-01-565.MAT"", ""1000.10-01-568.MAT"", ""1000.10-01-600.MAT"", ""1000.10-01-612.MAT"", ""1000.10-01-743.MAT"", ""1000.10-01-870.MAT"", ""1000.10-01-871.MAT""]","[""explicit non-General Requirements 1000.10-01 list""]",,"[""1000.10-*""]",[],"[""explicit non-General Requirements 1000.10-01 list""]",,"[""1000.10-01-025.MAT"", ""1000.10-01-340.MAT"", ""1000.10-01-422.MAT"", ""1000.10-01-500.MAT"", ""1000.10-01-505.MAT"", ""1000.10-01-513.MAT"", ""1000.10-01-517.MAT"", ""1000.10-01-520.MAT"", ""1000.10-01-521.MAT"", ""1000.10-01-522.MAT"", ""1000.10-01-523.MAT"", ""1000.10-01-531.MAT"", ""1000.10-01-532.MAT"", ""1000.10-01-533.MAT"", ""1000.10-01-534.MAT"", ""1000.10-01-544.MAT"", ""1000.10-01-552.MAT"", ""1000.10-01-565.MAT"", ""1000.10-01-568.MAT"", ""1000.10-01-600.MAT"", ""1000.10-01-612.MAT"", ""1000.10-01-743.MAT"", ""1000.10-01-870.MAT"", ""1000.10-01-871.MAT""]",owner_scope_rollup_sell_value_vs_cost_caution,authoritative_user_provided,Bobby Fetting,2026-06-14,Owner code 10-XX-XXX with GENERAL REQUIREMENTS description covers all remaining 1000.10-* values not assigned to the non-General Requirements row.
TROPICAL-OWNER-SOV-0003,tropical,2026-06-v1,15-01-426,15-01,Owner SOV code 15-01-426 maps to matching BudgetDetails/Procore code values where the middle cost code equals 15-01-426,any,one_to_one,direct,budget_code,False,direct,"{""1000.15-01-426.MAT"": ""100.00""}",[],"[""1000.15-01-426.MAT""]",[],,[],[],[],,"[""1000.15-01-426.MAT""]",direct_scope,authoritative_user_provided,Bobby Fetting,2026-06-14,User confirmed clear match by syntax: 1000.15-01-426.*; grouped under owner SOV code 15-01-426.
TROPICAL-OWNER-SOV-0004,tropical,2026-06-v1,15-01-530,15-01,Owner SOV code 15-01-530 maps to matching BudgetDetails/Procore code values where the middle cost code equals 15-01-530,any,one_to_many,same_cost_code_multi_category,cost_code_rollup,False,not_allocated_compare_at_rollup,,[],"[""1000.15-01-530.LAB"", ""1000.15-01-530.LBN"", ""1000.15-01-530.MAT"", ""1000.15-01-530.SUB""]",[],,[],[],[],,"[""1000.15-01-530.LAB"", ""1000.15-01-530.LBN"", ""1000.15-01-530.MAT"", ""1000.15-01-530.SUB""]",owner_scope_rollup_sell_value_vs_cost_caution,authoritative_user_provided,Bobby Fetting,2026-06-14,User confirmed clear match by syntax: 1000.15-01-530.*; grouped under owner SOV code 15-01-530.
TROPICAL-OWNER-SOV-0005,tropical,2026-06-v1,15-01-XXX,15-01,Owner summary/control code for 15-01 scope excluding SURVEY and TEMP LABOR,any,one_to_many,summary_parent,owner_scope_rollup,False,not_allocated_compare_at_rollup,,"[""1000.15-01-*""]","[""1000.15-01-460.MAT"", ""1000.15-01-515.SUB"", ""1000.15-01-555.MAT"", ""1000.15-01-560.MAT"", ""1000.15-01-741.MAT"", ""1000.15-01-743.MAT"", ""1000.15-01-744.LAB"", ""1000.15-01-744.LBN"", ""1000.15-01-744.MAT"", ""1000.15-01-745.MAT""]","[""1000.15-01-426*"", ""1000.15-01-530*""]",,"[""1000.15-01-*""]","[""1000.15-01-741.MAT""]","[""1000.15-01-426*"", ""1000.15-01-530*""]",,"[""1000.15-01-460.MAT"", ""1000.15-01-515.SUB"", ""1000.15-01-555.MAT"", ""1000.15-01-560.MAT"", ""1000.15-01-741.MAT"", ""1000.15-01-743.MAT"", ""1000.15-01-744.LAB"", ""1000.15-01-744.LBN"", ""1000.15-01-744.MAT"", ""1000.15-01-745.MAT""]",owner_scope_rollup_sell_value_vs_cost_caution,authoritative_user_provided,Bobby Fetting,2026-06-14,"Owner code 15-01-XXX covers all 1000.15-01-* values except 1000.15-01-426* and 1000.15-01-530*, which are mapped separately."
TROPICAL-OWNER-SOV-0006,tropical,2026-06-v1,15-02-010,15-02,Owner SOV code 15-02-010 maps to matching BudgetDetails/Procore code values where the middle cost code equals 15-02-010,any,one_to_one,direct,budget_code,False,direct,"{""1000.15-02-010.SUB"": ""100.00""}",[],"[""1000.15-02-010.SUB""]",[],,[],"[""1000.15-02-010.SUB""]",[],,"[""1000.15-02-010.SUB""]",direct_scope,authoritative_user_provided,Bobby Fetting,2026-06-14,User confirmed clear match by syntax: 1000.15-02-010.*; grouped under owner SOV code 15-02-010.
TROPICAL-OWNER-SOV-0007,tropical,2026-06-v1,15-02-510,15-02,Owner SOV code 15-02-510 maps to matching BudgetDetails/Procore code values where the middle cost code equals 15-02-510,any,one_to_one,direct,budget_code,False,direct,"{""1000.15-02-510.MAT"": ""100.00""}",[],"[""1000.15-02-510.MAT""]",[],,[],[],[],,"[""1000.15-02-510.MAT""]",direct_scope,authoritative_user_provided,Bobby Fetting,2026-06-14,User confirmed clear match by syntax: 1000.15-02-510.*; grouped under owner SOV code 15-02-510.
TROPICAL-OWNER-SOV-0008,tropical,2026-06-v1,15-02-805,15-02,Owner SOV code 15-02-805 maps to matching BudgetDetails/Procore code values where the middle cost code equals 15-02-805,any,one_to_one,direct,budget_code,False,direct,"{""1000.15-02-805.SUB"": ""100.00""}",[],"[""1000.15-02-805.SUB""]",[],,[],"[""1000.15-02-805.SUB""]",[],,"[""1000.15-02-805.SUB""]",direct_scope,authoritative_user_provided,Bobby Fetting,2026-06-14,User confirmed clear match by syntax: 1000.15-02-805.*; grouped under owner SOV code 15-02-805.
TROPICAL-OWNER-SOV-0009,tropical,2026-06-v1,15-02-808,15-02,Owner SOV code 15-02-808 maps to matching BudgetDetails/Procore code values where the middle cost code equals 15-02-808,any,one_to_one,direct,budget_code,False,direct,"{""1000.15-02-808.SUB"": ""100.00""}",[],"[""1000.15-02-808.SUB""]",[],,[],"[""1000.15-02-808.SUB""]",[],,"[""1000.15-02-808.SUB""]",direct_scope,authoritative_user_provided,Bobby Fetting,2026-06-14,User confirmed clear match by syntax: 1000.15-02-808.*; grouped under owner SOV code 15-02-808.
TROPICAL-OWNER-SOV-0010,tropical,2026-06-v1,15-03-010,15-03,Owner SOV code 15-03-010 maps to matching BudgetDetails/Procore code values where the middle cost code equals 15-03-010,any,one_to_one,direct,budget_code,False,direct,"{""1000.15-03-010.SUB"": ""100.00""}",[],"[""1000.15-03-010.SUB""]",[],,[],"[""1000.15-03-010.SUB""]",[],,"[""1000.15-03-010.SUB""]",direct_scope,authoritative_user_provided,Bobby Fetting,2026-06-14,User confirmed clear match by syntax: 1000.15-03-010.*; grouped under owner SOV code 15-03-010.
TROPICAL-OWNER-SOV-0011,tropical,2026-06-v1,15-04-400,15-04,Owner SOV code 15-04-400 maps to matching BudgetDetails/Procore code values where the middle cost code equals 15-04-400,any,one_to_one,direct,budget_code,False,direct,"{""1000.15-04-400.SUB"": ""100.00""}",[],"[""1000.15-04-400.SUB""]",[],,[],"[""1000.15-04-400.SUB""]",[],,"[""1000.15-04-400.SUB""]",direct_scope,authoritative_user_provided,Bobby Fetting,2026-06-14,User confirmed clear match by syntax: 1000.15-04-400.*; grouped under owner SOV code 15-04-400.
TROPICAL-OWNER-SOV-0012,tropical,2026-06-v1,15-05-522,15-05,Owner SOV code 15-05-522 maps to matching BudgetDetails/Procore code values where the middle cost code equals 15-05-522,any,one_to_one,direct,budget_code,False,direct,"{""1000.15-05-522.SUB"": ""100.00""}",[],"[""1000.15-05-522.SUB""]",[],,[],"[""1000.15-05-522.SUB""]",[],,"[""1000.15-05-522.SUB""]",direct_scope,authoritative_user_provided,Bobby Fetting,2026-06-14,User confirmed clear match by syntax: 1000.15-05-522.*; grouped under owner SOV code 15-05-522.
TROPICAL-OWNER-SOV-0013,tropical,2026-06-v1,15-05-910,15-05,Owner SOV code 15-05-910 maps to matching BudgetDetails/Procore code values where the middle cost code equals 15-05-910,any,one_to_one,direct,budget_code,False,direct,"{""1000.15-05-910.SUB"": ""100.00""}",[],"[""1000.15-05-910.SUB""]",[],,[],"[""1000.15-05-910.SUB""]",[],,"[""1000.15-05-910.SUB""]",direct_scope,authoritative_user_provided,Bobby Fetting,2026-06-14,User confirmed clear match by syntax: 1000.15-05-910.*; grouped under owner SOV code 15-05-910.
TROPICAL-OWNER-SOV-0014,tropical,2026-06-v1,15-06-100,15-06,Owner SOV code 15-06-100 maps to matching BudgetDetails/Procore code values where the middle cost code equals 15-06-100,any,one_to_one,direct,budget_code,False,direct,"{""1000.15-06-100.MAT"": ""100.00""}",[],"[""1000.15-06-100.MAT""]",[],,[],"[""1000.15-06-100.MAT""]",[],,"[""1000.15-06-100.MAT""]",direct_scope,authoritative_user_provided,Bobby Fetting,2026-06-14,User confirmed clear match by syntax: 1000.15-06-100.*; grouped under owner SOV code 15-06-100.
TROPICAL-OWNER-SOV-0015,tropical,2026-06-v1,15-06-190,15-06,Owner SOV code 15-06-190 maps to matching BudgetDetails/Procore code values where the middle cost code equals 15-06-190,any,one_to_one,direct,budget_code,False,direct,"{""1000.15-06-190.SUB"": ""100.00""}",[],"[""1000.15-06-190.SUB""]",[],,[],"[""1000.15-06-190.SUB""]",[],,"[""1000.15-06-190.SUB""]",direct_scope,authoritative_user_provided,Bobby Fetting,2026-06-14,User confirmed clear match by syntax: 1000.15-06-190.*; grouped under owner SOV code 15-06-190.
TROPICAL-OWNER-SOV-0016,tropical,2026-06-v1,15-06-200,15-06,Owner SOV code 15-06-200 maps to matching BudgetDetails/Procore code values where the middle cost code equals 15-06-200,any,one_to_one,direct,budget_code,False,direct,"{""1000.15-06-200.SUB"": ""100.00""}",[],"[""1000.15-06-200.SUB""]",[],,[],"[""1000.15-06-200.SUB""]",[],,"[""1000.15-06-200.SUB""]",direct_scope,authoritative_user_provided,Bobby Fetting,2026-06-14,User confirmed clear match by syntax: 1000.15-06-200.*; grouped under owner SOV code 15-06-200.
TROPICAL-OWNER-SOV-0017,tropical,2026-06-v1,15-06-220,15-06,Owner SOV code 15-06-220 maps to matching BudgetDetails/Procore code values where the middle cost code equals 15-06-220,any,one_to_one,direct,budget_code,False,direct,"{""1000.15-06-220.SUB"": ""100.00""}",[],"[""1000.15-06-220.SUB""]",[],,[],"[""1000.15-06-220.SUB""]",[],,"[""1000.15-06-220.SUB""]",direct_scope,authoritative_user_provided,Bobby Fetting,2026-06-14,User confirmed clear match by syntax: 1000.15-06-220.*; grouped under owner SOV code 15-06-220.
TROPICAL-OWNER-SOV-0018,tropical,2026-06-v1,15-06-270,15-06,Owner SOV code 15-06-270 maps to matching BudgetDetails/Procore code values where the middle cost code equals 15-06-270,any,one_to_one,direct,budget_code,False,direct,"{""1000.15-06-270.SUB"": ""100.00""}",[],"[""1000.15-06-270.SUB""]",[],,[],"[""1000.15-06-270.SUB""]",[],,"[""1000.15-06-270.SUB""]",direct_scope,authoritative_user_provided,Bobby Fetting,2026-06-14,User confirmed clear match by syntax: 1000.15-06-270.*; grouped under owner SOV code 15-06-270.
TROPICAL-OWNER-SOV-0019,tropical,2026-06-v1,15-06-411,15-06,Owner SOV code 15-06-411 maps to matching BudgetDetails/Procore code values where the middle cost code equals 15-06-411,any,one_to_one,direct,budget_code,False,direct,"{""1000.15-06-411.SUB"": ""100.00""}",[],"[""1000.15-06-411.SUB""]",[],,[],[],[],,"[""1000.15-06-411.SUB""]",direct_scope,authoritative_user_provided,Bobby Fetting,2026-06-14,User confirmed clear match by syntax: 1000.15-06-411.*; grouped under owner SOV code 15-06-411.
TROPICAL-OWNER-SOV-0020,tropical,2026-06-v1,15-06-414,15-06,Owner SOV code 15-06-414 maps to matching BudgetDetails/Procore code values where the middle cost code equals 15-06-414,any,one_to_one,direct,budget_code,False,direct,"{""1000.15-06-414.SUB"": ""100.00""}",[],"[""1000.15-06-414.SUB""]",[],,[],[],[],,"[""1000.15-06-414.SUB""]",direct_scope,authoritative_user_provided,Bobby Fetting,2026-06-14,User confirmed clear match by syntax: 1000.15-06-414.*; grouped under owner SOV code 15-06-414.
TROPICAL-OWNER-SOV-0021,tropical,2026-06-v1,15-07-105,15-07,Owner SOV code 15-07-105 maps to matching BudgetDetails/Procore code values where the middle cost code equals 15-07-105,any,one_to_one,direct,budget_code,False,direct,"{""1000.15-07-105.SUB"": ""100.00""}",[],"[""1000.15-07-105.SUB""]",[],,[],"[""1000.15-07-105.SUB""]",[],,"[""1000.15-07-105.SUB""]",direct_scope,authoritative_user_provided,Bobby Fetting,2026-06-14,User confirmed clear match by syntax: 1000.15-07-105.*; grouped under owner SOV code 15-07-105.
TROPICAL-OWNER-SOV-0022,tropical,2026-06-v1,15-07-200,15-07,Owner SOV code 15-07-200 maps to matching BudgetDetails/Procore code values where the middle cost code equals 15-07-200,any,one_to_one,direct,budget_code,False,direct,"{""1000.15-07-200.SUB"": ""100.00""}",[],"[""1000.15-07-200.SUB""]",[],,[],"[""1000.15-07-200.SUB""]",[],,"[""1000.15-07-200.SUB""]",direct_scope,authoritative_user_provided,Bobby Fetting,2026-06-14,User confirmed clear match by syntax: 1000.15-07-200.*; grouped under owner SOV code 15-07-200.
TROPICAL-OWNER-SOV-0023,tropical,2026-06-v1,15-07-590,15-07,Owner SOV code 15-07-590 maps to matching BudgetDetails/Procore code values where the middle cost code equals 15-07-590,any,one_to_one,direct,budget_code,False,direct,"{""1000.15-07-590.SUB"": ""100.00""}",[],"[""1000.15-07-590.SUB""]",[],,[],"[""1000.15-07-590.SUB""]",[],,"[""1000.15-07-590.SUB""]",direct_scope,authoritative_user_provided,Bobby Fetting,2026-06-14,User confirmed clear match by syntax: 1000.15-07-590.*; grouped under owner SOV code 15-07-590.
TROPICAL-OWNER-SOV-0024,tropical,2026-06-v1,15-07-840,15-07,Owner SOV code 15-07-840 maps to matching BudgetDetails/Procore code values where the middle cost code equals 15-07-840,any,one_to_one,direct,budget_code,False,direct,"{""1000.15-07-840.SUB"": ""100.00""}",[],"[""1000.15-07-840.SUB""]",[],,[],"[""1000.15-07-840.SUB""]",[],,"[""1000.15-07-840.SUB""]",direct_scope,authoritative_user_provided,Bobby Fetting,2026-06-14,User confirmed clear match by syntax: 1000.15-07-840.*; grouped under owner SOV code 15-07-840.
TROPICAL-OWNER-SOV-0025,tropical,2026-06-v1,15-08-250,15-08,Owner SOV code 15-08-250 maps to matching BudgetDetails/Procore code values where the middle cost code equals 15-08-250,any,one_to_one,direct,budget_code,False,direct,"{""1000.15-08-250.SUB"": ""100.00""}",[],"[""1000.15-08-250.SUB""]",[],,[],"[""1000.15-08-250.SUB""]",[],,"[""1000.15-08-250.SUB""]",direct_scope,authoritative_user_provided,Bobby Fetting,2026-06-14,User confirmed clear match by syntax: 1000.15-08-250.*; grouped under owner SOV code 15-08-250.
TROPICAL-OWNER-SOV-0026,tropical,2026-06-v1,15-08-450,15-08,Owner SOV code 15-08-450 maps to matching BudgetDetails/Procore code values where the middle cost code equals 15-08-450,any,one_to_one,direct,budget_code,False,direct,"{""1000.15-08-450.SUB"": ""100.00""}",[],"[""1000.15-08-450.SUB""]",[],,[],"[""1000.15-08-450.SUB""]",[],,"[""1000.15-08-450.SUB""]",direct_scope,authoritative_user_provided,Bobby Fetting,2026-06-14,User confirmed clear match by syntax: 1000.15-08-450.*; grouped under owner SOV code 15-08-450.
TROPICAL-OWNER-SOV-0027,tropical,2026-06-v1,15-08-830,15-08,Owner SOV code 15-08-830 maps to matching BudgetDetails/Procore code values where the middle cost code equals 15-08-830,any,one_to_one,direct,budget_code,False,direct,"{""1000.15-08-830.SUB"": ""100.00""}",[],"[""1000.15-08-830.SUB""]",[],,[],"[""1000.15-08-830.SUB""]",[],,"[""1000.15-08-830.SUB""]",direct_scope,authoritative_user_provided,Bobby Fetting,2026-06-14,User confirmed clear match by syntax: 1000.15-08-830.*; grouped under owner SOV code 15-08-830.
TROPICAL-OWNER-SOV-0028,tropical,2026-06-v1,15-09-180,15-09,Owner SOV code 15-09-180 maps to matching BudgetDetails/Procore code values where the middle cost code equals 15-09-180,any,one_to_one,direct,budget_code,False,direct,"{""1000.15-09-180.SUB"": ""100.00""}",[],"[""1000.15-09-180.SUB""]",[],,[],"[""1000.15-09-180.SUB""]",[],,"[""1000.15-09-180.SUB""]",direct_scope,authoritative_user_provided,Bobby Fetting,2026-06-14,User confirmed clear match by syntax: 1000.15-09-180.*; grouped under owner SOV code 15-09-180.
TROPICAL-OWNER-SOV-0029,tropical,2026-06-v1,15-09-250,15-09,Owner SOV code 15-09-250 maps to matching BudgetDetails/Procore code values where the middle cost code equals 15-09-250,any,one_to_one,direct,budget_code,False,direct,"{""1000.15-09-250.SUB"": ""100.00""}",[],"[""1000.15-09-250.SUB""]",[],,[],"[""1000.15-09-250.SUB""]",[],,"[""1000.15-09-250.SUB""]",direct_scope,authoritative_user_provided,Bobby Fetting,2026-06-14,User confirmed clear match by syntax: 1000.15-09-250.*; grouped under owner SOV code 15-09-250.
TROPICAL-OWNER-SOV-0030,tropical,2026-06-v1,15-09-600,15-09,Owner SOV code 15-09-600 maps to matching BudgetDetails/Procore code values where the middle cost code equals 15-09-600,any,one_to_one,direct,budget_code,False,direct,"{""1000.15-09-600.SUB"": ""100.00""}",[],"[""1000.15-09-600.SUB""]",[],,[],"[""1000.15-09-600.SUB""]",[],,"[""1000.15-09-600.SUB""]",direct_scope,authoritative_user_provided,Bobby Fetting,2026-06-14,User confirmed clear match by syntax: 1000.15-09-600.*; grouped under owner SOV code 15-09-600.
TROPICAL-OWNER-SOV-0031,tropical,2026-06-v1,15-09-910,15-09,Owner SOV code 15-09-910 maps to matching BudgetDetails/Procore code values where the middle cost code equals 15-09-910,any,one_to_one,direct,budget_code,False,direct,"{""1000.15-09-910.SUB"": ""100.00""}",[],"[""1000.15-09-910.SUB""]",[],,[],"[""1000.15-09-910.SUB""]",[],,"[""1000.15-09-910.SUB""]",direct_scope,authoritative_user_provided,Bobby Fetting,2026-06-14,User confirmed clear match by syntax: 1000.15-09-910.*; grouped under owner SOV code 15-09-910.
TROPICAL-OWNER-SOV-0032,tropical,2026-06-v1,15-10-185,15-10,Owner SOV code 15-10-185 maps to matching BudgetDetails/Procore code values where the middle cost code equals 15-10-185,any,one_to_one,direct,budget_code,False,direct,"{""1000.15-10-185.SUB"": ""100.00""}",[],"[""1000.15-10-185.SUB""]",[],,[],"[""1000.15-10-185.SUB""]",[],,"[""1000.15-10-185.SUB""]",direct_scope,authoritative_user_provided,Bobby Fetting,2026-06-14,User confirmed clear match by syntax: 1000.15-10-185.*; grouped under owner SOV code 15-10-185.
TROPICAL-OWNER-SOV-0033,tropical,2026-06-v1,15-10-205,15-10,Owner SOV code 15-10-205 maps to matching BudgetDetails/Procore code values where the middle cost code equals 15-10-205,any,one_to_one,direct,budget_code,False,direct,"{""1000.15-10-205.SUB"": ""100.00""}",[],"[""1000.15-10-205.SUB""]",[],,[],"[""1000.15-10-205.SUB""]",[],,"[""1000.15-10-205.SUB""]",direct_scope,authoritative_user_provided,Bobby Fetting,2026-06-14,User confirmed clear match by syntax: 1000.15-10-205.*; grouped under owner SOV code 15-10-205.
TROPICAL-OWNER-SOV-0034,tropical,2026-06-v1,15-10-310,15-10,Owner SOV code 15-10-310 maps to matching BudgetDetails/Procore code values where the middle cost code equals 15-10-310,any,one_to_one,direct,budget_code,False,direct,"{""1000.15-10-310.SUB"": ""100.00""}",[],"[""1000.15-10-310.SUB""]",[],,[],[],[],,"[""1000.15-10-310.SUB""]",direct_scope,authoritative_user_provided,Bobby Fetting,2026-06-14,User confirmed clear match by syntax: 1000.15-10-310.*; grouped under owner SOV code 15-10-310.
TROPICAL-OWNER-SOV-0035,tropical,2026-06-v1,15-10-312,15-10,Owner SOV code 15-10-312 maps to matching BudgetDetails/Procore code values where the middle cost code equals 15-10-312,any,one_to_one,direct,budget_code,False,direct,"{""1000.15-10-312.SUB"": ""100.00""}",[],"[""1000.15-10-312.SUB""]",[],,[],"[""1000.15-10-312.SUB""]",[],,"[""1000.15-10-312.SUB""]",direct_scope,authoritative_user_provided,Bobby Fetting,2026-06-14,User confirmed clear match by syntax: 1000.15-10-312.*; grouped under owner SOV code 15-10-312.
TROPICAL-OWNER-SOV-0036,tropical,2026-06-v1,15-10-440,15-10,Owner SOV code 15-10-440 maps to matching BudgetDetails/Procore code values where the middle cost code equals 15-10-440,any,one_to_one,direct,budget_code,False,direct,"{""1000.15-10-440.SUB"": ""100.00""}",[],"[""1000.15-10-440.SUB""]",[],,[],[],[],,"[""1000.15-10-440.SUB""]",direct_scope,authoritative_user_provided,Bobby Fetting,2026-06-14,User confirmed clear match by syntax: 1000.15-10-440.*; grouped under owner SOV code 15-10-440.
TROPICAL-OWNER-SOV-0037,tropical,2026-06-v1,15-10-550,15-10,Owner SOV code 15-10-550 maps to matching BudgetDetails/Procore code values where the middle cost code equals 15-10-550,any,one_to_one,direct,budget_code,False,direct,"{""1000.15-10-550.SUB"": ""100.00""}",[],"[""1000.15-10-550.SUB""]",[],,[],"[""1000.15-10-550.SUB""]",[],,"[""1000.15-10-550.SUB""]",direct_scope,authoritative_user_provided,Bobby Fetting,2026-06-14,User confirmed clear match by syntax: 1000.15-10-550.*; grouped under owner SOV code 15-10-550.
TROPICAL-OWNER-SOV-0038,tropical,2026-06-v1,15-11-400,15-11,Owner SOV code 15-11-400 maps to matching BudgetDetails/Procore code values where the middle cost code equals 15-11-400,any,one_to_one,direct,budget_code,False,direct,"{""1000.15-11-400.SUB"": ""100.00""}",[],"[""1000.15-11-400.SUB""]",[],,[],"[""1000.15-11-400.SUB""]",[],,"[""1000.15-11-400.SUB""]",direct_scope,authoritative_user_provided,Bobby Fetting,2026-06-14,User confirmed clear match by syntax: 1000.15-11-400.*; grouped under owner SOV code 15-11-400.
TROPICAL-OWNER-SOV-0039,tropical,2026-06-v1,15-11-450,15-11,Owner SOV code 15-11-450 maps to matching BudgetDetails/Procore code values where the middle cost code equals 15-11-450,any,one_to_one,direct,budget_code,False,direct,"{""1000.15-11-450.SUB"": ""100.00""}",[],"[""1000.15-11-450.SUB""]",[],,[],[],[],,"[""1000.15-11-450.SUB""]",direct_scope,authoritative_user_provided,Bobby Fetting,2026-06-14,User confirmed clear match by syntax: 1000.15-11-450.*; grouped under owner SOV code 15-11-450.
TROPICAL-OWNER-SOV-0040,tropical,2026-06-v1,15-12-300,15-12,Owner SOV code 15-12-300 maps to matching BudgetDetails/Procore code values where the middle cost code equals 15-12-300,any,one_to_one,direct,budget_code,False,direct,"{""1000.15-12-300.SUB"": ""100.00""}",[],"[""1000.15-12-300.SUB""]",[],,[],"[""1000.15-12-300.SUB""]",[],,"[""1000.15-12-300.SUB""]",direct_scope,authoritative_user_provided,Bobby Fetting,2026-06-14,User confirmed clear match by syntax: 1000.15-12-300.*; grouped under owner SOV code 15-12-300.
TROPICAL-OWNER-SOV-0041,tropical,2026-06-v1,15-12-490,15-12,Owner SOV code 15-12-490 maps to matching BudgetDetails/Procore code values where the middle cost code equals 15-12-490,any,one_to_one,direct,budget_code,False,direct,"{""1000.15-12-490.SUB"": ""100.00""}",[],"[""1000.15-12-490.SUB""]",[],,[],"[""1000.15-12-490.SUB""]",[],,"[""1000.15-12-490.SUB""]",direct_scope,authoritative_user_provided,Bobby Fetting,2026-06-14,User confirmed clear match by syntax: 1000.15-12-490.*; grouped under owner SOV code 15-12-490.
TROPICAL-OWNER-SOV-0042,tropical,2026-06-v1,15-12-540,15-12,Owner SOV code 15-12-540 maps to matching BudgetDetails/Procore code values where the middle cost code equals 15-12-540,any,one_to_one,direct,budget_code,False,direct,"{""1000.15-12-540.SUB"": ""100.00""}",[],"[""1000.15-12-540.SUB""]",[],,[],[],[],,"[""1000.15-12-540.SUB""]",direct_scope,authoritative_user_provided,Bobby Fetting,2026-06-14,User confirmed clear match by syntax: 1000.15-12-540.*; grouped under owner SOV code 15-12-540.
TROPICAL-OWNER-SOV-0043,tropical,2026-06-v1,15-13-150,15-13,Owner SOV code 15-13-150 maps to matching BudgetDetails/Procore code values where the middle cost code equals 15-13-150,any,one_to_one,direct,budget_code,False,direct,"{""1000.15-13-150.SUB"": ""100.00""}",[],"[""1000.15-13-150.SUB""]",[],,[],"[""1000.15-13-150.SUB""]",[],,"[""1000.15-13-150.SUB""]",direct_scope,authoritative_user_provided,Bobby Fetting,2026-06-14,User confirmed clear match by syntax: 1000.15-13-150.*; grouped under owner SOV code 15-13-150.
TROPICAL-OWNER-SOV-0044,tropical,2026-06-v1,15-14-110,15-14,Owner SOV code 15-14-110 maps to matching BudgetDetails/Procore code values where the middle cost code equals 15-14-110,any,one_to_one,direct,budget_code,False,direct,"{""1000.15-14-110.SUB"": ""100.00""}",[],"[""1000.15-14-110.SUB""]",[],,[],"[""1000.15-14-110.SUB""]",[],,"[""1000.15-14-110.SUB""]",direct_scope,authoritative_user_provided,Bobby Fetting,2026-06-14,User confirmed clear match by syntax: 1000.15-14-110.*; grouped under owner SOV code 15-14-110.
TROPICAL-OWNER-SOV-0045,tropical,2026-06-v1,15-14-200,15-14,Owner SOV code 15-14-200 maps to matching BudgetDetails/Procore code values where the middle cost code equals 15-14-200,any,one_to_one,direct,budget_code,False,direct,"{""1000.15-14-200.SUB"": ""100.00""}",[],"[""1000.15-14-200.SUB""]",[],,[],"[""1000.15-14-200.SUB""]",[],,"[""1000.15-14-200.SUB""]",direct_scope,authoritative_user_provided,Bobby Fetting,2026-06-14,User confirmed clear match by syntax: 1000.15-14-200.*; grouped under owner SOV code 15-14-200.
TROPICAL-OWNER-SOV-0046,tropical,2026-06-v1,15-15-310,15-15,Owner SOV code 15-15-310 maps to matching BudgetDetails/Procore code values where the middle cost code equals 15-15-310,any,one_to_one,direct,budget_code,False,direct,"{""1000.15-15-310.SUB"": ""100.00""}",[],"[""1000.15-15-310.SUB""]",[],,[],"[""1000.15-15-310.SUB""]",[],,"[""1000.15-15-310.SUB""]",direct_scope,authoritative_user_provided,Bobby Fetting,2026-06-14,User confirmed clear match by syntax: 1000.15-15-310.*; grouped under owner SOV code 15-15-310.
TROPICAL-OWNER-SOV-0047,tropical,2026-06-v1,15-15-410,15-15,Owner SOV code 15-15-410 maps to matching BudgetDetails/Procore code values where the middle cost code equals 15-15-410,any,one_to_one,direct,budget_code,False,direct,"{""1000.15-15-410.SUB"": ""100.00""}",[],"[""1000.15-15-410.SUB""]",[],,[],"[""1000.15-15-410.SUB""]",[],,"[""1000.15-15-410.SUB""]",direct_scope,authoritative_user_provided,Bobby Fetting,2026-06-14,User confirmed clear match by syntax: 1000.15-15-410.*; grouped under owner SOV code 15-15-410.
TROPICAL-OWNER-SOV-0048,tropical,2026-06-v1,15-15-700,15-15,Owner SOV code 15-15-700 maps to matching BudgetDetails/Procore code values where the middle cost code equals 15-15-700,any,one_to_one,direct,budget_code,False,direct,"{""1000.15-15-700.SUB"": ""100.00""}",[],"[""1000.15-15-700.SUB""]",[],,[],"[""1000.15-15-700.SUB""]",[],,"[""1000.15-15-700.SUB""]",direct_scope,authoritative_user_provided,Bobby Fetting,2026-06-14,User confirmed clear match by syntax: 1000.15-15-700.*; grouped under owner SOV code 15-15-700.
TROPICAL-OWNER-SOV-0049,tropical,2026-06-v1,15-16-110,15-16,Owner SOV code 15-16-110 maps to matching BudgetDetails/Procore code values where the middle cost code equals 15-16-110,any,one_to_many,same_cost_code_multi_category,cost_code_rollup,False,not_allocated_compare_at_rollup,,[],"[""1000.15-16-110.MAT"", ""1000.15-16-110.SUB""]",[],,[],"[""1000.15-16-110.SUB""]",[],,"[""1000.15-16-110.MAT"", ""1000.15-16-110.SUB""]",owner_scope_rollup_sell_value_vs_cost_caution,authoritative_user_provided,Bobby Fetting,2026-06-14,User confirmed clear match by syntax: 1000.15-16-110.*; grouped under owner SOV code 15-16-110.
TROPICAL-OWNER-SOV-0050,tropical,2026-06-v1,15-16-111,15-16,Owner SOV code 15-16-111 maps to matching BudgetDetails/Procore code values where the middle cost code equals 15-16-111,any,one_to_one,direct,budget_code,False,direct,"{""1000.15-16-111.SUB"": ""100.00""}",[],"[""1000.15-16-111.SUB""]",[],,[],"[""1000.15-16-111.SUB""]",[],,"[""1000.15-16-111.SUB""]",direct_scope,authoritative_user_provided,Bobby Fetting,2026-06-14,User confirmed clear match by syntax: 1000.15-16-111.*; grouped under owner SOV code 15-16-111.
TROPICAL-OWNER-SOV-0051,tropical,2026-06-v1,15-16-112,15-16,Owner SOV code 15-16-112 maps to matching BudgetDetails/Procore code values where the middle cost code equals 15-16-112,any,one_to_one,direct,budget_code,False,direct,"{""1000.15-16-112.SUB"": ""100.00""}",[],"[""1000.15-16-112.SUB""]",[],,[],"[""1000.15-16-112.SUB""]",[],,"[""1000.15-16-112.SUB""]",direct_scope,authoritative_user_provided,Bobby Fetting,2026-06-14,User confirmed clear match by syntax: 1000.15-16-112.*; grouped under owner SOV code 15-16-112.
TROPICAL-OWNER-SOV-0052,tropical,2026-06-v1,15-16-400,15-16,Owner SOV code 15-16-400 maps to matching BudgetDetails/Procore code values where the middle cost code equals 15-16-400,any,one_to_one,direct,budget_code,False,direct,"{""1000.15-16-400.SUB"": ""100.00""}",[],"[""1000.15-16-400.SUB""]",[],,[],"[""1000.15-16-400.SUB""]",[],,"[""1000.15-16-400.SUB""]",direct_scope,authoritative_user_provided,Bobby Fetting,2026-06-14,User confirmed clear match by syntax: 1000.15-16-400.*; grouped under owner SOV code 15-16-400.
TROPICAL-OWNER-SOV-0056,tropical,2026-06-v1,20-18-105,20-18,Owner SOV code 20-18-105 maps to BudgetDetails/Procore code 1000.20-18-170.MAT,any,one_to_one,direct,budget_code,False,direct,"{""1000.20-18-170.MAT"": ""100.00""}",[],"[""1000.20-18-170.MAT""]",[],,[],[],[],,"[""1000.20-18-170.MAT""]",direct_scope,authoritative_user_provided,Bobby Fetting,2026-06-14,User confirmed owner SOV code 20-18-105 maps directly to 1000.20-18-170.MAT. This replaces the prior same-code placeholder mapping to owner SOV 20-18-170 and avoids duplicate coverage.
TROPICAL-OWNER-SOV-0053,tropical,2026-06-v1,20-18-107,20-18,Owner SOV code 20-18-107 maps to matching BudgetDetails/Procore code values where the middle cost code equals 20-18-107,any,one_to_one,direct,budget_code,False,direct,"{""1000.20-18-107.MAT"": ""100.00""}",[],"[""1000.20-18-107.MAT""]",[],,[],"[""1000.20-18-107.MAT""]",[],,"[""1000.20-18-107.MAT""]",direct_scope,authoritative_user_provided,Bobby Fetting,2026-06-14,User confirmed clear match by syntax: 1000.20-18-107.*; grouped under owner SOV code 20-18-107.
TROPICAL-OWNER-SOV-0054,tropical,2026-06-v1,20-18-110,20-18,Owner SOV code 20-18-110 maps to matching BudgetDetails/Procore code values where the middle cost code equals 20-18-110,any,one_to_one,direct,budget_code,False,direct,"{""1000.20-18-110.OVH"": ""100.00""}",[],"[""1000.20-18-110.OVH""]",[],,[],[],[],,"[""1000.20-18-110.OVH""]",direct_scope,authoritative_user_provided,Bobby Fetting,2026-06-14,User confirmed clear match by syntax: 1000.20-18-110.*; grouped under owner SOV code 20-18-110.
TROPICAL-OWNER-SOV-0055,tropical,2026-06-v1,20-18-141,20-18,Owner SOV code 20-18-141 maps to matching BudgetDetails/Procore code values where the middle cost code equals 20-18-141,any,one_to_one,direct,budget_code,False,direct,"{""1000.20-18-141.MAT"": ""100.00""}",[],"[""1000.20-18-141.MAT""]",[],,[],[],[],,"[""1000.20-18-141.MAT""]",direct_scope,authoritative_user_provided,Bobby Fetting,2026-06-14,User confirmed clear match by syntax: 1000.20-18-141.*; grouped under owner SOV code 20-18-141.
TROPICAL-OWNER-SOV-0057,tropical,2026-06-v1,20-18-250,20-18,Owner SOV code 20-18-250 maps to matching BudgetDetails/Procore code values where the middle cost code equals 20-18-250,any,one_to_one,direct,budget_code,False,direct,"{""1000.20-18-250.MAT"": ""100.00""}",[],"[""1000.20-18-250.MAT""]",[],,[],[],[],,"[""1000.20-18-250.MAT""]",direct_scope,authoritative_user_provided,Bobby Fetting,2026-06-14,User confirmed clear match by syntax: 1000.20-18-250.*; grouped under owner SOV code 20-18-250.
TROPICAL-OWNER-SOV-0058,tropical,2026-06-v1,99-01-790,99-01,Owner SOV code 99-01-790 direct mapping,any,one_to_one,direct,budget_code,False,direct,"{""1000.90-01-300.MAT"": ""100.00""}",[],"[""1000.90-01-300.MAT""]",[],,[],[],[],,"[""1000.90-01-300.MAT""]",direct_scope,authoritative_user_provided,Bobby Fetting,2026-06-14,Owner code 99-01-790 maps directly to 1000.90-01-300.MAT.
