"budget_code_key","cost_code","cost_type","budget_code_description","2023-06","2023-07","2023-08","2023-09","2023-10","2023-11","2023-12","2024-01","2024-02","2024-03","2024-04","2024-05","2024-06","2024-07","2024-08","2024-09","2024-10","2024-11","2024-12","2025-01","2025-02","2025-03","2025-04","2025-05","2025-06","2025-07","2025-08","2025-09","2025-10","2025-11","2025-12","2026-01","2026-02","2026-03","2026-04","2026-05","2026-06","2026-07","2026-08","2026-09","2026-10","2026-11"
"0000.03-01-025.MAT","03-01-025","MAT","CLOSED - DO NOT USE.PLAN COPY EXPENSE.Materials","0.00","0.00","0.00","0.00","0.00","0.00","0.00","0.00","0.00","0.00","0.00","0.00","172.02","0.25","0.00","547.62","312.51","0.00","0.00","0.00","0.00","0.00","0.00","0.00","0.00","0.00","0.00","0.00","0.00","0.00","0.00","0.00","0.00","0.00","0.00","0.00","0.00","0.00","0.00","0.00","0.00","0.00"
"0000.03-01-413.LAB","03-01-413","LAB","CLOSED - DO NOT USE.ESTIMATING.Labor","692.32","3461.60","0.00","0.00","0.00","0.00","1453.92","0.00","0.00","0.00","0.00","0.00","3730.88","13539.70","32160.86","8057.10","36857.49","27406.80","0.00","0.00","0.00","0.00","0.00","0.00","0.00","0.00","0.00","0.00","0.00","0.00","0.00","0.00","0.00","0.00","0.00","0.00","0.00","0.00","0.00","0.00","0.00","0.00"
"0000.03-01-413.LBN","03-01-413","LBN","CLOSED - DO NOT USE.ESTIMATING.Labor Burden","115.63","578.18","0.00","0.00","0.00","0.00","279.40","0.00","0.00","0.00","0.00","0.00","725.81","2741.01","6383.43","1625.07","6230.82","5807.84","0.00","0.00","0.00","0.00","0.00","0.00","0.00","0.00","0.00","0.00","0.00","0.00","0.00","0.00","0.00","0.00","0.00","0.00","0.00","0.00","0.00","0.00","0.00","0.00"
"0000.03-01-413.MAT","03-01-413","MAT","CLOSED - DO NOT USE.ESTIMATING.Materials","0.00","0.00","0.00","0.00","0.00","65.60","0.00","0.00","0.00","0.00","0.00","0.00","86.08","149.02","0.00","925.25","2485.28","472.71","95.05","0.00","0.00","0.00","0.00","0.00","0.00","0.00","0.00","0.00","0.00","0.00","0.00","0.00","0.00","0.00","0.00","0.00","0.00","0.00","0.00","0.00","0.00","0.00"
"1000.10-01-025.MAT","10-01-025","MAT","TROPICAL WORLD NURSERY-CONSTR.PLAN COPY EXPENSE.Materials","0.00","0.00","0.00","0.00","0.00","0.00","0.00","0.00","0.00","0.00","0.00","0.00","0.00","0.00","0.00","0.00","0.00","161.88","112.71","19.84","320.15","2487.73","259.23","0.85","78.47","101.55","165.33","3.00","25.50","1.85","12.50","0.00","1.00","24.41","0.00","0.25","3.16","4.35","4.97","5.59","6.21","6.84"
"1000.10-01-100.LAB","10-01-100","LAB","TROPICAL WORLD NURSERY-CONSTR.PRECONSTRUCTION.Labor","0.00","0.00","0.00","0.00","0.00","0.00","0.00","0.00","0.00","0.00","0.00","0.00","0.00","0.00","0.00","0.00","0.00","0.00","0.00","0.00","0.00","0.00","0.00","0.00","0.00","0.00","0.00","0.00","0.00","0.00","0.00","0.00","0.00","0.00","0.00","0.00","0.00","0.00","0.00","0.00","0.00","0.00"
"1000.10-01-302.LAB","10-01-302","LAB","TROPICAL WORLD NURSERY-CONSTR.VDC DIRECTOR.Labor","0.00","0.00","0.00","0.00","0.00","0.00","0.00","0.00","0.00","0.00","0.00","0.00","0.00","0.00","0.00","0.00","0.00","0.00","0.00","1371.96","1370.82","1992.40","1394.68","1195.44","597.72","1295.06","805.48","4269.02","1492.83","8452.25","1437.56","230.78","1002.46","134.62","134.62","67.31","393.70","538.24","512.94","525.59","525.59","265.64"
"1000.10-01-302.LBN","10-01-302","LBN","TROPICAL WORLD NURSERY-CONSTR.VDC DIRECTOR.Labor Burden","0.00","0.00","0.00","0.00","0.00","0.00","0.00","0.00","0.00","0.00","0.00","0.00","0.00","0.00","0.00","0.00","0.00","0.00","0.00","308.34","288.13","394.50","276.12","236.67","118.33","256.43","170.46","464.47","295.56","1642.25","280.12","46.42","206.48","26.01","26.01","13.01","7.45","10.00","9.41","10.06","10.30","10.12"
"1000.10-01-302.MAT","10-01-302","MAT","TROPICAL WORLD NURSERY-CONSTR.VDC DIRECTOR.Materials","0.00","0.00","0.00","0.00","0.00","0.00","0.00","0.00","0.00","0.00","0.00","0.00","0.00","0.00","0.00","0.00","0.00","0.00","0.00","0.00","0.00","0.00","0.00","0.00","0.00","28.00","30.80","28.00","28.00","0.00","28.00","0.00","0.00","0.00","0.00","0.00","12.04","25.81","25.81","25.81","25.81","25.79"
"1000.10-01-308.LAB","10-01-308","LAB","TROPICAL WORLD NURSERY-CONSTR.ASSISTANT PROJECT MANAGER.Labor","0.00","0.00","0.00","0.00","0.00","0.00","0.00","0.00","0.00","0.00","0.00","0.00","0.00","0.00","0.00","0.00","0.00","2740.80","3654.40","4568.00","6443.20","9232.00","9232.00","11540.00","9232.00","9232.00","2500.00","0.00","0.00","3384.96","0.00","0.00","0.00","0.00","0.00","0.00","0.00","0.00","0.00","0.00","0.00","0.00"
"1000.10-01-308.LBN","10-01-308","LBN","TROPICAL WORLD NURSERY-CONSTR.ASSISTANT PROJECT MANAGER.Labor Burden","0.00","0.00","0.00","0.00","0.00","0.00","0.00","0.00","0.00","0.00","0.00","0.00","0.00","0.00","0.00","0.00","0.00","524.34","699.20","903.00","1232.80","1766.41","1766.39","2208.00","1766.40","1766.52","479.64","0.00","0.00","692.12","0.00","0.00","0.00","0.00","0.00","0.00","0.00","0.00","0.00","0.00","0.00","0.00"
"1000.10-01-308.MAT","10-01-308","MAT","TROPICAL WORLD NURSERY-CONSTR.ASSISTANT PROJECT MANAGER.Materials","0.00","0.00","0.00","0.00","0.00","0.00","0.00","0.00","0.00","0.00","0.00","0.00","0.00","0.00","0.00","0.00","0.00","0.00","0.00","0.00","0.00","0.00","790.99","660.99","720.00","0.00","0.00","32.90","0.00","0.00","0.00","0.00","0.00","0.00","0.00","0.00","0.00","0.00","0.00","0.00","0.00","0.00"
"1000.10-01-310.LAB","10-01-310","LAB","TROPICAL WORLD NURSERY-CONSTR.ACCOUNTING.Labor","0.00","0.00","0.00","0.00","0.00","0.00","0.00","0.00","0.00","0.00","0.00","0.00","0.00","0.00","0.00","0.00","0.00","0.00","0.00","79.34","317.36","729.48","1015.19","1896.94","1357.48","1495.61","2353.57","1645.63","2629.73","1962.26","1400.34","1967.45","2456.08","2029.16","2702.48","2779.70","2309.64","3117.41","2846.32","2981.86","2981.86","2846.31"
"1000.10-01-310.LBN","10-01-310","LBN","TROPICAL WORLD NURSERY-CONSTR.ACCOUNTING.Labor Burden","0.00","0.00","0.00","0.00","0.00","0.00","0.00","0.00","0.00","0.00","0.00","0.00","0.00","0.00","0.00","0.00","0.00","0.00","0.00","15.54","62.16","140.05","192.73","360.06","261.13","285.72","448.34","311.97","497.12","371.64","248.20","381.52","471.22","386.81","516.17","537.20","466.99","628.28","565.68","575.84","561.75","523.40"
"1000.10-01-311.LAB","10-01-311","LAB","TROPICAL WORLD NURSERY-CONSTR.EXECUTIVE MANAGEMENT.Labor","0.00","0.00","0.00","0.00","0.00","0.00","0.00","0.00","0.00","0.00","0.00","0.00","0.00","0.00","0.00","0.00","0.00","2423.28","7577.52","9443.08","9294.01","9510.38","7231.36","7485.97","5644.52","5644.52","7401.81","8228.77","11567.88","5096.40","5644.52","11382.45","18028.54","14711.23","10095.95","14615.34","11118.49","15355.10","14019.83","14687.45","14687.45","9477.97"
"1000.10-01-311.LBN","10-01-311","LBN","TROPICAL WORLD NURSERY-CONSTR.EXECUTIVE MANAGEMENT.Labor Burden","0.00","0.00","0.00","0.00","0.00","0.00","0.00","0.00","0.00","0.00","0.00","0.00","0.00","0.00","0.00","0.00","0.00","489.03","1419.06","1933.44","1881.61","1922.22","1460.28","1519.67","1145.54","1145.59","1500.36","1644.65","2169.00","858.15","813.97","2329.11","3728.90","3047.73","2046.13","3057.78","2396.91","3224.78","2903.47","2955.61","2883.27","2686.45"
"1000.10-01-311.MAT","10-01-311","MAT","TROPICAL WORLD NURSERY-CONSTR.EXECUTIVE MANAGEMENT.Materials","0.00","0.00","0.00","0.00","0.00","0.00","0.00","0.00","0.00","0.00","0.00","0.00","0.00","0.00","0.00","0.00","0.00","110.20","521.38","4344.66","660.12","593.21","395.06","921.45","584.02","656.92","687.98","858.01","892.59","470.11","999.59","717.50","1179.16","480.11","183.08","0.00","355.33","477.36","449.10","480.16","491.46","482.97"
"1000.10-01-312.LAB","10-01-312","LAB","TROPICAL WORLD NURSERY-CONSTR.SUPERINTENDENT 1.Labor","0.00","0.00","0.00","0.00","0.00","0.00","0.00","0.00","0.00","0.00","0.00","0.00","0.00","0.00","0.00","0.00","0.00","1346.24","1827.04","0.00","3080.00","0.00","6160.00","16158.40","12424.48","13078.40","16348.00","13078.40","16348.00","18848.00","20771.20","20386.56","3923.52","0.00","0.00","0.00","0.00","0.00","0.00","0.00","0.00","0.00"
"1000.10-01-312.LBN","10-01-312","LBN","TROPICAL WORLD NURSERY-CONSTR.SUPERINTENDENT 1.Labor Burden","0.00","0.00","0.00","0.00","0.00","0.00","0.00","0.00","0.00","0.00","0.00","0.00","0.00","0.00","0.00","0.00","0.00","328.74","446.10","0.00","768.47","0.00","1526.85","4006.35","3080.77","3242.89","4053.60","3242.47","4052.93","4670.96","5147.18","5148.69","964.31","0.00","0.00","0.00","0.00","0.00","0.00","0.00","0.00","0.00"
"1000.10-01-312.MAT","10-01-312","MAT","TROPICAL WORLD NURSERY-CONSTR.SUPERINTENDENT 1.Materials","0.00","0.00","0.00","0.00","0.00","0.00","0.00","0.00","0.00","0.00","0.00","0.00","0.00","0.00","0.00","0.00","0.00","300.00","0.00","600.00","600.00","600.00","1117.10","1535.25","1049.71","1107.64","1097.51","1178.55","1049.87","1933.53","2148.80","625.48","176.43","0.00","0.00","0.00","0.00","0.00","0.00","0.00","0.00","0.00"
"1000.10-01-314.LAB","10-01-314","LAB","TROPICAL WORLD NURSERY-CONSTR.SUPERINTENDENT 2.Labor","0.00","0.00","0.00","0.00","0.00","0.00","0.00","0.00","0.00","0.00","0.00","0.00","0.00","0.00","0.00","0.00","0.00","8366.40","21834.72","34344.32","24049.28","27225.44","19815.36","15963.36","11636.00","12405.28","15328.72","14231.36","17404.16","22212.32","25385.60","35674.64","36444.32","35771.20","36347.20","45674.00","35411.34","49118.79","44847.44","46983.17","46983.17","27587.22"
"1000.10-01-314.LBN","10-01-314","LBN","TROPICAL WORLD NURSERY-CONSTR.SUPERINTENDENT 2.Labor Burden","0.00","0.00","0.00","0.00","0.00","0.00","0.00","0.00","0.00","0.00","0.00","0.00","0.00","0.00","0.00","0.00","0.00","1690.42","4684.98","8017.26","5451.51","6223.47","4391.27","3310.49","2371.43","2558.75","3155.37","3001.20","3656.22","5053.32","5708.15","8322.00","8438.75","8260.44","8409.89","10565.10","8183.19","11009.58","9912.60","10090.61","9843.64","9171.68"
"1000.10-01-314.MAT","10-01-314","MAT","TROPICAL WORLD NURSERY-CONSTR.SUPERINTENDENT 2.Materials","0.00","0.00","0.00","0.00","0.00","0.00","0.00","0.00","0.00","0.00","0.00","0.00","0.00","0.00","0.00","0.00","74.42","816.45","1476.86","2757.29","1259.01","1572.21","931.79","1089.88","868.84","930.16","872.95","1548.54","1318.15","1717.38","1944.73","2319.64","4888.23","3198.02","3842.23","4048.89","3330.48","4480.80","4034.33","4106.78","4006.27","3732.78"
"1000.10-01-315.LAB","10-01-315","LAB","TROPICAL WORLD NURSERY-CONSTR.ASST SUPERINTENDENT.Labor","0.00","0.00","0.00","0.00","0.00","0.00","0.00","0.00","0.00","0.00","0.00","0.00","0.00","0.00","0.00","0.00","0.00","0.00","3269.60","5693.12","7308.80","7308.80","12502.40","12944.96","6539.20","6539.20","12893.20","6539.20","8174.00","7899.20","6539.20","8174.00","6539.20","6539.20","8424.16","16348.40","15600.92","21546.00","19672.39","20609.22","20609.22","13293.25"
"1000.10-01-315.LBN","10-01-315","LBN","TROPICAL WORLD NURSERY-CONSTR.ASST SUPERINTENDENT.Labor Burden","0.00","0.00","0.00","0.00","0.00","0.00","0.00","0.00","0.00","0.00","0.00","0.00","0.00","0.00","0.00","0.00","0.00","0.00","842.97","1450.37","1797.74","1797.47","2845.33","2796.93","1281.23","1281.16","2613.11","1284.43","1606.90","1702.50","1285.52","1660.19","1290.42","1285.51","1658.85","3299.11","2281.10","3068.97","2763.18","2812.80","2743.96","2556.65"
"1000.10-01-315.MAT","10-01-315","MAT","TROPICAL WORLD NURSERY-CONSTR.ASST SUPERINTENDENT.Materials","0.00","0.00","0.00","0.00","0.00","0.00","0.00","0.00","0.00","0.00","0.00","0.00","0.00","0.00","0.00","0.00","0.00","0.00","0.00","525.07","1952.06","1954.57","2168.98","586.21","0.00","0.00","0.00","0.00","0.00","0.00","0.00","0.00","0.00","0.00","0.00","0.00","0.00","0.00","0.00","0.00","0.00","0.00"
"1000.10-01-317.LAB","10-01-317","LAB","TROPICAL WORLD NURSERY-CONSTR.PROJECT COORDINATOR.Labor","0.00","0.00","0.00","0.00","0.00","0.00","0.00","0.00","0.00","0.00","0.00","0.00","0.00","0.00","0.00","0.00","0.00","2527.44","7706.43","9034.62","7062.09","7259.24","7101.52","11672.91","10205.52","10424.39","14021.00","9693.60","12270.60","10178.00","9847.20","12309.00","13732.40","13759.40","13345.90","15752.00","12572.79","17300.58","15796.15","16548.35","16548.35","11481.53"
"1000.10-01-317.LBN","10-01-317","LBN","TROPICAL WORLD NURSERY-CONSTR.PROJECT COORDINATOR.Labor Burden","0.00","0.00","0.00","0.00","0.00","0.00","0.00","0.00","0.00","0.00","0.00","0.00","0.00","0.00","0.00","0.00","0.00","536.41","1597.64","1848.62","1392.71","1430.82","1400.28","2434.03","2189.91","2219.99","2862.52","1903.02","2409.14","1997.41","1933.39","2496.83","2698.18","2693.69","2614.84","3087.15","2451.19","3297.81","2969.22","3022.54","2948.56","2747.28"
"1000.10-01-317.MAT","10-01-317","MAT","TROPICAL WORLD NURSERY-CONSTR.PROJECT COORDINATOR.Materials","0.00","0.00","0.00","0.00","0.00","0.00","0.00","0.00","0.00","0.00","0.00","0.00","0.00","0.00","0.00","0.00","0.00","50.92","80.00","1000.00","500.00","500.00","500.00","682.58","500.00","500.00","500.00","500.00","682.58","690.28","681.84","668.20","500.00","693.04","500.00","500.00","233.23","499.74","499.74","499.74","499.74","499.76"
"1000.10-01-318.LAB","10-01-318","LAB","TROPICAL WORLD NURSERY-CONSTR.PROJECT MANAGER.Labor","0.00","0.00","0.00","0.00","0.00","0.00","0.00","0.00","0.00","0.00","0.00","0.00","0.00","0.00","0.00","0.00","0.00","9519.60","12692.80","25098.00","17308.80","12692.80","12692.80","15866.00","12692.80","12692.80","18692.96","13846.40","23462.40","26155.20","26155.20","29232.40","12308.80","6154.40","0.00","7788.96","15105.26","20710.77","18909.82","19810.27","19810.27","14699.05"
"1000.10-01-318.LBN","10-01-318","LBN","TROPICAL WORLD NURSERY-CONSTR.PROJECT MANAGER.Labor Burden","0.00","0.00","0.00","0.00","0.00","0.00","0.00","0.00","0.00","0.00","0.00","0.00","0.00","0.00","0.00","0.00","0.00","1918.76","2509.69","5063.03","3441.54","2558.34","2558.34","3197.92","2558.34","2558.34","3752.56","2790.67","4813.42","5345.65","5315.61","6044.28","2506.21","1234.28","0.00","1670.42","619.49","832.23","782.97","837.12","856.81","842.01"
"1000.10-01-318.MAT","10-01-318","MAT","TROPICAL WORLD NURSERY-CONSTR.PROJECT MANAGER.Materials","0.00","0.00","0.00","0.00","0.00","0.00","0.00","0.00","0.00","0.00","0.00","0.00","0.00","0.00","0.00","0.00","0.00","672.36","2146.74","1861.21","1867.36","1848.60","1023.05","1097.72","1134.30","1020.92","1727.65","188.82","706.62","1672.92","1519.13","1446.23","1484.90","669.45","600.00","3063.23","635.01","1360.65","1360.65","1360.65","1360.65","1360.67"
"1000.10-01-340.MAT","10-01-340","MAT","TROPICAL WORLD NURSERY-CONSTR.SCHEDULING.Materials","0.00","0.00","0.00","0.00","0.00","0.00","0.00","0.00","0.00","0.00","0.00","0.00","0.00","0.00","0.00","0.00","0.00","2200.00","1950.00","1950.00","1950.00","2925.00","1950.00","2568.75","1950.00","1950.00","2087.50","0.00","2500.00","3600.00","1950.00","2250.00","4125.00","0.00","0.00","6750.00","7015.58","7446.79","7877.99","6388.56","4899.14","3409.72"
"1000.10-01-422.MAT","10-01-422","MAT","TROPICAL WORLD NURSERY-CONSTR.ENGINEERING.Materials","0.00","0.00","0.00","0.00","0.00","0.00","0.00","0.00","0.00","0.00","0.00","0.00","0.00","0.00","0.00","0.00","0.00","0.00","0.00","0.00","0.00","0.00","0.00","0.00","0.00","0.00","0.00","0.00","0.00","0.00","0.00","0.00","0.00","0.00","0.00","0.00","0.00","0.00","0.00","0.00","0.00","0.00"
"1000.10-01-460.LAB","10-01-460","LAB","TROPICAL WORLD NURSERY-CONSTR.SAFETY SUPERVISOR.Labor","0.00","0.00","0.00","0.00","0.00","0.00","0.00","0.00","0.00","0.00","0.00","0.00","0.00","0.00","0.00","0.00","0.00","105.78","76.94","230.82","307.76","375.04","110.58","757.25","1202.04","3735.82","8563.10","4764.74","4632.08","5482.22","3531.04","3965.74","2440.09","2029.00","1635.70","1050.08","2138.20","2984.28","2724.76","2854.52","2854.52","1442.66"
"1000.10-01-460.LBN","10-01-460","LBN","TROPICAL WORLD NURSERY-CONSTR.SAFETY SUPERVISOR.Labor Burden","0.00","0.00","0.00","0.00","0.00","0.00","0.00","0.00","0.00","0.00","0.00","0.00","0.00","0.00","0.00","0.00","0.00","21.31","15.45","48.05","61.75","75.12","22.11","154.56","251.77","765.06","1760.08","970.45","937.93","1105.35","713.83","814.61","497.67","412.85","333.54","214.32","109.99","147.76","139.02","148.63","152.13","149.50"
"1000.10-01-460.MAT","10-01-460","MAT","TROPICAL WORLD NURSERY-CONSTR.SAFETY SUPERVISOR.Materials","0.00","0.00","0.00","0.00","0.00","0.00","0.00","0.00","0.00","0.00","0.00","0.00","0.00","0.00","0.00","0.00","0.00","276.06","99.89","90.44","0.00","0.00","119.43","58.08","308.66","137.49","155.64","732.73","276.06","135.08","54.08","47.41","429.28","504.67","492.02","547.22","765.43","1029.80","927.19","943.84","920.74","857.89"
"1000.10-01-500.MAT","10-01-500","MAT","TROPICAL WORLD NURSERY-CONSTR.FURNITURE.Materials","0.00","0.00","0.00","0.00","0.00","0.00","0.00","0.00","0.00","0.00","0.00","0.00","0.00","0.00","0.00","0.00","0.00","0.00","1556.18","-200.06","0.00","0.00","0.00","0.00","0.00","0.00","0.00","0.00","0.00","0.00","0.00","0.00","0.00","233.55","0.00","0.00","1343.04","1343.05","0.00","0.00","0.00","0.00"
"1000.10-01-505.MAT","10-01-505","MAT","TROPICAL WORLD NURSERY-CONSTR.POSTAGE.Materials","0.00","0.00","0.00","0.00","0.00","0.00","0.00","0.00","0.00","0.00","0.00","0.00","0.00","0.00","0.00","0.00","0.00","10.61","19.28","0.00","0.00","0.00","0.00","37.54","24.78","23.94","0.00","0.00","31.32","0.00","0.00","0.00","0.00","0.00","0.00","0.00","44.93","42.46","40.00","37.54","0.00","0.00"
"1000.10-01-513.MAT","10-01-513","MAT","TROPICAL WORLD NURSERY-CONSTR.EQUIPMENT FUEL.Materials","0.00","0.00","0.00","0.00","0.00","0.00","0.00","0.00","0.00","0.00","0.00","0.00","0.00","0.00","0.00","0.00","0.00","51.64","424.45","1038.28","875.87","923.00","756.47","335.18","879.16","626.65","310.65","382.43","0.00","149.84","218.90","118.64","0.00","0.00","144.24","0.00","131.39","124.19","116.99","109.79","0.00","0.00"
"1000.10-01-517.MAT","10-01-517","MAT","TROPICAL WORLD NURSERY-CONSTR.TELEPHONES.Materials","0.00","0.00","0.00","0.00","0.00","0.00","0.00","0.00","0.00","0.00","0.00","0.00","0.00","0.00","0.00","0.00","0.00","0.00","0.99","0.99","0.00","0.00","0.00","0.00","0.00","0.00","0.00","117.69","0.00","0.00","0.00","0.00","0.00","178.17","0.00","0.00","167.20","167.20","167.20","167.20","167.20","167.18"
"1000.10-01-520.MAT","10-01-520","MAT","TROPICAL WORLD NURSERY-CONSTR.OFFICE SUPPLIES.Materials","0.00","0.00","0.00","0.00","0.00","0.00","0.00","0.00","0.00","0.00","0.00","0.00","0.00","0.00","0.00","0.00","0.00","0.00","575.63","87.62","0.00","850.94","1141.83","49.22","0.00","114.60","0.00","299.55","296.08","30.36","276.59","739.62","239.49","322.71","198.48","310.00","203.55","189.18","174.81","160.44","146.08","131.71"
"1000.10-01-521.MAT","10-01-521","MAT","TROPICAL WORLD NURSERY-CONSTR.FIELD OFFICES & SHEDS.Materials","0.00","0.00","0.00","0.00","0.00","0.00","0.00","0.00","0.00","0.00","0.00","0.00","0.00","0.00","0.00","0.00","0.00","0.00","18449.11","4117.09","3481.51","3621.51","3647.36","8179.87","4196.51","3812.36","355.85","7269.70","6453.29","3837.36","6716.27","9497.49","2161.74","1996.66","2161.74","2427.99","3218.78","2671.58","0.00","0.00","0.00","0.00"
"1000.10-01-522.MAT","10-01-522","MAT","TROPICAL WORLD NURSERY-CONSTR.FIRST AID.Materials","0.00","0.00","0.00","0.00","0.00","0.00","0.00","0.00","0.00","0.00","0.00","0.00","0.00","0.00","0.00","0.00","0.00","90.43","0.00","0.00","0.00","0.00","0.00","0.00","0.00","0.00","0.00","0.00","0.00","0.00","0.00","0.00","0.00","0.00","0.00","0.00","0.00","0.00","0.00","0.00","0.00","0.00"
"1000.10-01-523.MAT","10-01-523","MAT","TROPICAL WORLD NURSERY-CONSTR.SANITARY FACILITIES.Materials","0.00","0.00","0.00","0.00","0.00","0.00","0.00","0.00","0.00","0.00","0.00","0.00","0.00","0.00","0.00","0.00","0.00","175.33","318.86","1996.27","1661.81","1400.00","2800.00","500.00","1000.00","1600.00","600.00","1600.00","15575.00","1100.00","3750.00","2750.00","8400.00","3600.00","4050.00","1950.00","2363.58","2293.11","2061.29","1903.84","1692.60","1427.60"
"1000.10-01-531.MAT","10-01-531","MAT","TROPICAL WORLD NURSERY-CONSTR.COMPUTER SOFTWARE & LICENSING.Materials","0.00","0.00","0.00","0.00","0.00","0.00","0.00","0.00","0.00","0.00","0.00","0.00","0.00","0.00","0.00","0.00","0.00","0.00","56.28","137589.66","140.00","-285.94","65.00","-65.00","0.00","0.00","0.00","0.00","0.00","0.00","0.00","0.00","0.00","0.00","0.00","0.00","0.00","0.00","0.00","0.00","0.00","0.00"
"1000.10-01-532.MAT","10-01-532","MAT","TROPICAL WORLD NURSERY-CONSTR.SMALL TOOLS.Materials","0.00","0.00","0.00","0.00","0.00","0.00","0.00","0.00","0.00","0.00","0.00","0.00","0.00","0.00","0.00","0.00","293.08","32.04","704.78","845.58","235.37","1351.98","1515.89","2138.18","1611.50","1650.35","332.40","2850.18","2896.58","2648.48","1656.06","1381.14","557.28","938.46","536.55","1117.75","967.53","961.26","815.86","733.34","0.00","0.00"
"1000.10-01-533.MAT","10-01-533","MAT","TROPICAL WORLD NURSERY-CONSTR.COMPUTER HARDWARE.Materials","0.00","0.00","0.00","0.00","0.00","0.00","0.00","0.00","0.00","0.00","0.00","0.00","0.00","0.00","0.00","0.00","0.00","0.00","3689.86","117.69","22.57","1035.92","42.00","65.00","0.00","0.00","0.00","0.00","0.00","3000.00","465.90","165.00","165.00","0.00","47.84","0.00","20.89","37.50","48.33","59.16","69.99","80.83"
"1000.10-01-534.MAT","10-01-534","MAT","TROPICAL WORLD NURSERY-CONSTR.SITE STORAGE.Materials","0.00","0.00","0.00","0.00","0.00","0.00","0.00","0.00","0.00","0.00","0.00","0.00","0.00","0.00","0.00","0.00","0.00","955.85","310.21","165.85","165.85","165.85","0.00","0.00","165.85","0.00","0.00","165.85","165.85","0.00","0.00","0.00","0.00","165.08","0.00","0.00","414.75","414.75","0.00","0.00","0.00","0.00"
"1000.10-01-544.MAT","10-01-544","MAT","TROPICAL WORLD NURSERY-CONSTR.EQUIPMENT RENTAL.Materials","0.00","0.00","0.00","0.00","0.00","0.00","0.00","0.00","0.00","0.00","0.00","0.00","0.00","0.00","0.00","0.00","0.00","0.00","1168.55","1086.05","818.55","1637.65","818.55","4128.30","5709.47","2656.15","4595.20","24622.02","7725.00","9383.49","8758.10","5248.33","1134.23","2684.23","3561.03","1038.90","1965.46","2555.11","1768.93","0.00","0.00","0.00"
"1000.10-01-552.MAT","10-01-552","MAT","TROPICAL WORLD NURSERY-CONSTR.JOB SIGN.Materials","0.00","0.00","0.00","0.00","0.00","0.00","0.00","0.00","0.00","0.00","0.00","0.00","0.00","0.00","0.00","0.00","0.00","1037.20","853.20","0.00","0.00","0.00","0.00","0.00","0.00","0.00","0.00","0.00","0.00","0.00","0.00","0.00","0.00","0.00","0.00","0.00","0.00","0.00","0.00","0.00","0.00","0.00"
"1000.10-01-565.MAT","10-01-565","MAT","TROPICAL WORLD NURSERY-CONSTR.ICE, CUPS & WATER COOLER.Materials","0.00","0.00","0.00","0.00","0.00","0.00","0.00","0.00","0.00","0.00","0.00","0.00","0.00","0.00","0.00","0.00","0.00","0.00","0.00","0.00","80.54","59.72","0.00","85.36","135.57","705.87","68.94","177.17","0.00","156.60","136.94","80.86","68.54","102.68","15.26","0.00","35.14","37.29","39.47","31.99","24.54","17.08"
"1000.10-01-568.MAT","10-01-568","MAT","TROPICAL WORLD NURSERY-CONSTR.SECURITY MEASURES.Materials","0.00","0.00","0.00","0.00","0.00","0.00","0.00","0.00","0.00","0.00","0.00","0.00","0.00","0.00","0.00","0.00","0.00","0.00","0.00","0.00","0.00","0.00","0.00","0.00","0.00","0.00","0.00","0.00","6699.27","0.00","0.00","0.00","0.00","0.00","0.00","0.00","0.00","0.00","0.00","0.00","0.00","0.00"
"1000.10-01-600.MAT","10-01-600","MAT","TROPICAL WORLD NURSERY-CONSTR.FIRE PROTECTION.Materials","0.00","0.00","0.00","0.00","0.00","0.00","0.00","0.00","0.00","0.00","0.00","0.00","0.00","0.00","0.00","0.00","0.00","0.00","0.00","0.00","0.00","0.00","219.83","0.00","0.00","5000.00","0.00","0.00","0.00","0.00","0.00","0.00","0.00","0.00","0.00","0.00","0.00","0.00","0.00","0.00","0.00","0.00"
"1000.10-01-612.MAT","10-01-612","MAT","TROPICAL WORLD NURSERY-CONSTR.JOBSITE CONSUMABLES.Materials","0.00","0.00","0.00","0.00","0.00","0.00","0.00","0.00","0.00","0.00","0.00","0.00","0.00","0.00","0.00","0.00","139.08","31.43","1309.43","432.12","738.89","492.32","2360.25","1958.14","1442.08","3712.73","4075.19","11125.34","740.70","942.22","891.28","946.88","836.31","574.47","477.64","0.00","456.93","443.30","398.49","368.05","327.22","275.98"
"1000.10-01-743.MAT","10-01-743","MAT","TROPICAL WORLD NURSERY-CONSTR.JANTITOR SUPPLIES.Materials","0.00","0.00","0.00","0.00","0.00","0.00","0.00","0.00","0.00","0.00","0.00","0.00","0.00","0.00","0.00","0.00","0.00","0.00","0.00","156.28","0.00","0.00","0.00","55.00","0.00","0.00","0.00","0.00","0.00","0.00","0.00","0.00","0.00","0.00","0.00","0.00","0.00","0.00","0.00","0.00","0.00","0.00"
"1000.10-01-870.MAT","10-01-870","MAT","TROPICAL WORLD NURSERY-CONSTR.PROG PHOTOS-GROUND.Materials","0.00","0.00","0.00","0.00","0.00","0.00","0.00","0.00","0.00","0.00","0.00","0.00","0.00","0.00","0.00","0.00","0.00","750.00","0.00","0.00","0.00","0.00","0.00","0.00","0.00","0.00","0.00","0.00","0.00","0.00","0.00","0.00","0.00","0.00","0.00","0.00","0.00","0.00","0.00","0.00","0.00","0.00"
"1000.10-01-871.MAT","10-01-871","MAT","TROPICAL WORLD NURSERY-CONSTR.PROG PHOTOS-AERIAL.Materials","0.00","0.00","0.00","0.00","0.00","0.00","0.00","0.00","0.00","0.00","0.00","0.00","0.00","0.00","0.00","0.00","0.00","0.00","0.00","0.00","0.00","0.00","0.00","0.00","0.00","0.00","0.00","0.00","0.00","0.00","0.00","0.00","0.00","0.00","0.00","0.00","0.00","0.00","0.00","0.00","0.00","0.00"
"1000.15-01-426.MAT","15-01-426","MAT","TROPICAL WORLD NURSERY-CONSTR.SURVEY.Materials","0.00","0.00","0.00","0.00","0.00","0.00","0.00","0.00","0.00","0.00","0.00","0.00","0.00","0.00","0.00","0.00","0.00","0.00","0.00","0.00","4060.00","3308.50","0.00","3747.50","4770.00","1787.50","0.00","1625.00","0.00","1445.00","0.00","2910.00","907.50","6435.00","0.00","-3217.50","4244.34","7833.35","4988.00","2644.77","2644.77","2644.77"
"1000.15-01-460.MAT","15-01-460","MAT","TROPICAL WORLD NURSERY-CONSTR.SAFETY EQUIPMENT.Materials","0.00","0.00","0.00","0.00","0.00","0.00","0.00","0.00","0.00","0.00","0.00","0.00","0.00","0.00","0.00","0.00","0.00","0.00","0.00","221.77","0.00","0.00","1174.52","0.00","0.00","258.78","0.00","403.22","0.00","0.00","0.00","0.00","0.00","297.24","0.00","0.00","108.57","238.70","135.53","50.57","50.57","50.58"
"1000.15-01-515.SUB","15-01-515","SUB","TROPICAL WORLD NURSERY-CONSTR.TEMPORARY FENCE & GATES.Subcontractor","0.00","0.00","0.00","0.00","0.00","0.00","0.00","0.00","0.00","0.00","0.00","0.00","0.00","0.00","0.00","0.00","0.00","0.00","0.00","0.00","0.00","4922.00","0.00","0.00","1063.00","2803.49","2568.00","5510.85","669.44","5619.26","6818.62","2706.29","468.60","3923.45","2017.46","2948.79","4384.49","6660.95","4678.61","3440.16","3440.16","3291.29"
"1000.15-01-530.LAB","15-01-530","LAB","TROPICAL WORLD NURSERY-CONSTR.TEMPORARY LABOR.Labor","0.00","0.00","0.00","0.00","0.00","0.00","0.00","0.00","0.00","0.00","0.00","0.00","0.00","0.00","0.00","0.00","0.00","0.00","0.00","0.00","480.00","0.00","4250.00","6700.00","4310.00","4426.50","6099.50","5026.50","6283.75","9487.75","8426.00","9519.00","8861.50","8830.00","8643.75","11614.50","8827.25","10074.69","8614.06","7792.91","6758.58","0.00"
"1000.15-01-530.LBN","15-01-530","LBN","TROPICAL WORLD NURSERY-CONSTR.TEMPORARY LABOR.Labor Burden","0.00","0.00","0.00","0.00","0.00","0.00","0.00","0.00","0.00","0.00","0.00","0.00","0.00","0.00","0.00","0.00","0.00","0.00","0.00","0.00","125.91","0.00","1059.37","1650.11","1073.52","1103.90","1516.70","1249.11","1568.66","2359.41","2111.09","2455.73","2257.34","2204.95","2162.74","2899.34","2152.98","2457.25","2100.98","1900.71","1648.45","0.00"
"1000.15-01-530.MAT","15-01-530","MAT","TROPICAL WORLD NURSERY-CONSTR.TEMPORARY LABOR.Materials","0.00","0.00","0.00","0.00","0.00","0.00","0.00","0.00","0.00","0.00","0.00","0.00","0.00","0.00","0.00","0.00","0.00","0.00","0.00","0.00","0.00","0.00","0.00","0.00","0.00","0.00","0.00","0.00","0.00","0.00","0.00","0.00","0.00","0.00","0.00","0.00","0.00","0.00","0.00","0.00","0.00","0.00"
"1000.15-01-530.SUB","15-01-530","SUB","TROPICAL WORLD NURSERY-CONSTR.TEMPORARY LABOR.Subcontractor","0.00","0.00","0.00","0.00","0.00","0.00","0.00","0.00","0.00","0.00","0.00","0.00","0.00","0.00","0.00","0.00","0.00","0.00","0.00","0.00","0.00","0.00","0.00","0.00","0.00","0.00","0.00","0.00","0.00","0.00","0.00","0.00","0.00","0.00","2210.88","0.00","297.58","297.58","297.58","297.58","297.60","0.00"
"1000.15-01-555.MAT","15-01-555","MAT","TROPICAL WORLD NURSERY-CONSTR.MOT.Materials","0.00","0.00","0.00","0.00","0.00","0.00","0.00","0.00","0.00","0.00","0.00","0.00","0.00","0.00","0.00","0.00","0.00","0.00","0.00","0.00","0.00","0.00","0.00","0.00","0.00","0.00","0.00","0.00","0.00","0.00","0.00","0.00","0.00","0.00","0.00","0.00","0.00","0.00","0.00","0.00","0.00","0.00"
"1000.15-01-560.MAT","15-01-560","MAT","TROPICAL WORLD NURSERY-CONSTR.FLOOR PROTECTION.Materials","0.00","0.00","0.00","0.00","0.00","0.00","0.00","0.00","0.00","0.00","0.00","0.00","0.00","0.00","0.00","0.00","0.00","0.00","0.00","0.00","0.00","0.00","0.00","0.00","0.00","0.00","0.00","0.00","0.00","0.00","0.00","0.00","0.00","0.00","0.00","0.00","0.00","0.00","0.00","0.00","0.00","0.00"
"1000.15-01-741.MAT","15-01-741","MAT","TROPICAL WORLD NURSERY-CONSTR.CONSTRUCTION CLEAN.Materials","0.00","0.00","0.00","0.00","0.00","0.00","0.00","0.00","0.00","0.00","0.00","0.00","0.00","0.00","0.00","0.00","0.00","0.00","0.00","0.00","0.00","350.00","0.00","0.00","0.00","0.00","0.00","0.00","0.00","0.00","24880.00","0.00","822.65","0.00","1233.98","3084.95","28843.29","36054.18","28843.29","21632.53","14421.66","0.00"
"1000.15-01-743.MAT","15-01-743","MAT","TROPICAL WORLD NURSERY-CONSTR.SITE MAINTENANCE.Materials","0.00","0.00","0.00","0.00","0.00","0.00","0.00","0.00","0.00","0.00","0.00","0.00","0.00","0.00","0.00","0.00","630.64","101.25","298.28","0.00","0.00","0.00","0.00","0.00","1100.00","508.25","0.00","21292.85","15565.65","9126.23","411.33","0.00","0.00","0.00","0.00","187.60","913.52","2161.78","1278.07","575.70","719.63","863.56"
"1000.15-01-744.LAB","15-01-744","LAB","TROPICAL WORLD NURSERY-CONSTR.TRASH REMOVAL.Labor","0.00","0.00","0.00","0.00","0.00","0.00","0.00","0.00","0.00","0.00","0.00","0.00","0.00","0.00","0.00","0.00","0.00","0.00","81.00","67.50","0.00","0.00","114.75","0.00","0.00","0.00","0.00","0.00","0.00","0.00","0.00","0.00","0.00","0.00","0.00","0.00","59.57","130.97","74.37","27.75","27.75","27.75"
"1000.15-01-744.LBN","15-01-744","LBN","TROPICAL WORLD NURSERY-CONSTR.TRASH REMOVAL.Labor Burden","0.00","0.00","0.00","0.00","0.00","0.00","0.00","0.00","0.00","0.00","0.00","0.00","0.00","0.00","0.00","0.00","0.00","0.00","19.60","16.92","0.00","0.00","27.78","0.00","0.00","0.00","0.00","0.00","0.00","0.00","0.00","0.00","0.00","0.00","0.00","0.00","19.40","42.65","24.21","9.03","9.03","9.04"
"1000.15-01-744.MAT","15-01-744","MAT","TROPICAL WORLD NURSERY-CONSTR.TRASH REMOVAL.Materials","0.00","0.00","0.00","0.00","0.00","0.00","0.00","0.00","0.00","0.00","0.00","0.00","0.00","0.00","0.00","0.00","0.00","0.00","105.00","87.50","0.00","0.00","148.75","0.00","0.00","0.00","0.00","0.00","0.00","0.00","0.00","0.00","0.00","0.00","0.00","0.00","77.25","169.85","96.44","35.98","35.98","35.99"
"1000.15-01-745.MAT","15-01-745","MAT","TROPICAL WORLD NURSERY-CONSTR.DUMPSTERS.Materials","0.00","0.00","0.00","0.00","0.00","0.00","0.00","0.00","0.00","0.00","0.00","0.00","0.00","0.00","0.00","0.00","0.00","0.00","0.00","0.00","423.10","2516.30","3866.40","8560.20","23331.40","23360.30","-10301.70","15311.00","11566.80","10250.60","9700.30","7976.00","7648.70","11732.10","18313.20","0.00","11442.14","17382.97","12209.68","8977.73","8977.73","8589.25"
"1000.15-02-010.SUB","15-02-010","SUB","TROPICAL WORLD NURSERY-CONSTR.SITEWORK.Subcontractor","0.00","0.00","0.00","0.00","0.00","0.00","0.00","0.00","0.00","0.00","0.00","0.00","0.00","0.00","0.00","0.00","0.00","367200.00","243852.00","473932.00","354460.00","220031.00","216769.00","60695.00","146154.00","10933.14","209195.22","171995.39","146189.13","124070.68","101889.91","26587.50","50183.20","161253.03","79156.86","0.00","193661.11","160735.54","0.00","0.00","0.00","0.00"
"1000.15-02-510.MAT","15-02-510","MAT","TROPICAL WORLD NURSERY-CONSTR.ELEC/H20 CONSUM-ALW.Materials","0.00","0.00","0.00","0.00","0.00","0.00","0.00","0.00","0.00","0.00","0.00","0.00","0.00","0.00","0.00","0.00","0.00","744.01","6103.76","2902.48","12283.84","4689.74","17603.80","5567.84","10301.89","8734.84","-798.76","2566.52","3852.00","6390.50","5769.00","1917.00","5751.00","3834.00","0.00","0.00","2057.78","3846.48","1805.01","1209.58","1209.58","1209.59"
"1000.15-02-805.SUB","15-02-805","SUB","TROPICAL WORLD NURSERY-CONSTR.IRRIGATION & LANDSCAPING.Subcontractor","0.00","0.00","0.00","0.00","0.00","0.00","0.00","0.00","0.00","0.00","0.00","0.00","0.00","0.00","0.00","0.00","0.00","0.00","0.00","0.00","92749.50","0.00","24870.00","14400.00","0.00","0.00","0.00","2660.00","0.00","2660.68","296815.00","0.00","0.00","61250.00","0.00","0.00","156377.91","218929.07","156377.90","0.00","0.00","0.00"
"1000.15-02-808.SUB","15-02-808","SUB","TROPICAL WORLD NURSERY-CONSTR.BRICK PAVERS / TURF.Subcontractor","0.00","0.00","0.00","0.00","0.00","0.00","0.00","0.00","0.00","0.00","0.00","0.00","0.00","0.00","0.00","0.00","0.00","0.00","0.00","0.00","0.00","0.00","0.00","0.00","0.00","0.00","0.00","0.00","0.00","0.00","0.00","0.00","31500.01","30614.57","0.00","0.00","117445.53","64405.53","0.00","0.00","0.00","0.00"
"1000.15-03-010.SUB","15-03-010","SUB","TROPICAL WORLD NURSERY-CONSTR.CONCRETE WORK.Subcontractor","0.00","0.00","0.00","0.00","0.00","0.00","0.00","0.00","0.00","0.00","0.00","0.00","0.00","0.00","0.00","0.00","0.00","0.00","0.00","0.00","0.00","0.00","797868.90","1963650.00","2974158.42","2553800.00","923940.00","867435.95","0.00","0.00","3100.00","0.00","0.00","103617.72","0.00","0.00","88506.81","0.00","0.00","0.00","0.00","0.00"
"1000.15-04-400.SUB","15-04-400","SUB","TROPICAL WORLD NURSERY-CONSTR.STONE VENEER.Subcontractor","0.00","0.00","0.00","0.00","0.00","0.00","0.00","0.00","0.00","0.00","0.00","0.00","0.00","0.00","0.00","0.00","0.00","0.00","0.00","0.00","0.00","0.00","0.00","0.00","0.00","0.00","0.00","0.00","0.00","0.00","0.00","0.00","49333.58","0.00","94601.42","0.00","39242.45","0.00","0.00","0.00","0.00","0.00"
"1000.15-05-522.SUB","15-05-522","SUB","TROPICAL WORLD NURSERY-CONSTR.PERGOLA/TRELLIS.Subcontractor","0.00","0.00","0.00","0.00","0.00","0.00","0.00","0.00","0.00","0.00","0.00","0.00","0.00","0.00","0.00","0.00","0.00","0.00","56904.00","0.00","0.00","0.00","0.00","27300.00","0.00","0.00","0.00","5745.00","0.00","7365.00","0.00","0.00","0.00","40350.00","19825.00","0.00","235293.00","0.00","0.00","0.00","0.00","0.00"
"1000.15-05-910.SUB","15-05-910","SUB","TROPICAL WORLD NURSERY-CONSTR.MISCELLANEOUS METALS.Subcontractor","0.00","0.00","0.00","0.00","0.00","0.00","0.00","0.00","0.00","0.00","0.00","0.00","0.00","0.00","0.00","0.00","0.00","0.00","177096.00","0.00","0.00","0.00","0.00","27300.00","10916.00","0.00","19261.00","40562.00","0.00","29135.00","24027.00","0.00","24027.00","38437.00","21454.00","0.00","33185.83","18309.39","0.00","0.00","0.00","0.00"
"1000.15-06-100.MAT","15-06-100","MAT","TROPICAL WORLD NURSERY-CONSTR.ROUGH CARPENTRY.Materials","0.00","0.00","0.00","0.00","0.00","0.00","0.00","0.00","0.00","0.00","0.00","0.00","0.00","0.00","0.00","0.00","0.00","0.00","0.00","0.00","0.00","0.00","0.00","0.00","0.00","0.00","0.00","5022.25","2012.48","0.00","0.00","0.00","0.00","0.00","0.00","0.00","708.75","1163.86","642.36","333.85","285.68","237.50"
"1000.15-06-190.SUB","15-06-190","SUB","TROPICAL WORLD NURSERY-CONSTR.WOOD TRUSSES.Subcontractor","0.00","0.00","0.00","0.00","0.00","0.00","0.00","0.00","0.00","0.00","0.00","0.00","0.00","0.00","0.00","0.00","0.00","0.00","0.00","0.00","0.00","0.00","0.00","0.00","0.00","47874.79","47559.37","0.00","0.00","0.00","0.00","0.00","0.00","0.00","0.00","0.00","0.00","0.00","0.00","0.00","0.00","0.00"
"1000.15-06-200.SUB","15-06-200","SUB","TROPICAL WORLD NURSERY-CONSTR.FINISH CARPENTRY.Subcontractor","0.00","0.00","0.00","0.00","0.00","0.00","0.00","0.00","0.00","0.00","0.00","0.00","0.00","0.00","0.00","0.00","0.00","0.00","0.00","0.00","0.00","0.00","0.00","0.00","0.00","0.00","0.00","0.00","0.00","0.00","0.00","0.00","0.00","0.00","0.00","0.00","55247.07","69570.33","55247.07","40923.81","0.00","0.00"
"1000.15-06-220.SUB","15-06-220","SUB","TROPICAL WORLD NURSERY-CONSTR.MILLWORK.Subcontractor","0.00","0.00","0.00","0.00","0.00","0.00","0.00","0.00","0.00","0.00","0.00","0.00","0.00","0.00","0.00","0.00","0.00","0.00","0.00","0.00","0.00","0.00","0.00","0.00","0.00","0.00","0.00","156550.00","0.00","103200.00","83500.00","0.00","343250.00","123000.00","43800.00","-43800.00","229687.50","125957.50","0.00","0.00","0.00","0.00"
"1000.15-06-270.SUB","15-06-270","SUB","TROPICAL WORLD NURSERY-CONSTR.CLOSET & WOOD SHELVE.Subcontractor","0.00","0.00","0.00","0.00","0.00","0.00","0.00","0.00","0.00","0.00","0.00","0.00","0.00","0.00","0.00","0.00","0.00","0.00","0.00","0.00","0.00","0.00","0.00","0.00","0.00","0.00","88945.33","0.00","0.00","0.00","0.00","0.00","0.00","88945.33","0.00","0.00","18310.90","23804.21","16479.80","0.00","0.00","0.00"
"1000.15-06-411.SUB","15-06-411","SUB","TROPICAL WORLD NURSERY-CONSTR.AMENITY COUNTERTOPS.Subcontractor","0.00","0.00","0.00","0.00","0.00","0.00","0.00","0.00","0.00","0.00","0.00","0.00","0.00","0.00","0.00","0.00","0.00","0.00","0.00","0.00","0.00","0.00","0.00","0.00","0.00","0.00","0.00","0.00","0.00","0.00","0.00","0.00","0.00","0.00","0.00","0.00","0.00","0.00","0.00","0.00","0.00","0.00"
"1000.15-06-414.SUB","15-06-414","SUB","TROPICAL WORLD NURSERY-CONSTR.UNIT COUNTERTOPS.Subcontractor","0.00","0.00","0.00","0.00","0.00","0.00","0.00","0.00","0.00","0.00","0.00","0.00","0.00","0.00","0.00","0.00","0.00","0.00","0.00","0.00","0.00","0.00","0.00","0.00","0.00","0.00","0.00","0.00","0.00","0.00","0.00","0.00","0.00","0.00","0.00","0.00","0.00","0.00","0.00","0.00","0.00","0.00"
"1000.15-07-105.SUB","15-07-105","SUB","TROPICAL WORLD NURSERY-CONSTR.WATERPROOFING.Subcontractor","0.00","0.00","0.00","0.00","0.00","0.00","0.00","0.00","0.00","0.00","0.00","0.00","0.00","0.00","0.00","0.00","0.00","0.00","0.00","0.00","0.00","0.00","3600.00","5400.00","0.00","0.00","2800.00","11900.00","37800.00","0.00","0.00","0.00","0.00","0.00","0.00","0.00","29924.35","0.00","0.00","0.00","0.00","0.00"
"1000.15-07-200.SUB","15-07-200","SUB","TROPICAL WORLD NURSERY-CONSTR.THERMAL PROTECTION.Subcontractor","0.00","0.00","0.00","0.00","0.00","0.00","0.00","0.00","0.00","0.00","0.00","0.00","0.00","0.00","0.00","0.00","0.00","0.00","0.00","0.00","0.00","0.00","0.00","0.00","0.00","0.00","0.00","0.00","221774.50","157459.50","164461.75","118446.50","147739.15","24422.60","0.00","0.00","27188.14","0.00","0.00","0.00","0.00","0.00"
"1000.15-07-590.SUB","15-07-590","SUB","TROPICAL WORLD NURSERY-CONSTR.ROOFING.Subcontractor","0.00","0.00","0.00","0.00","0.00","0.00","0.00","0.00","0.00","0.00","0.00","0.00","0.00","0.00","0.00","0.00","0.00","0.00","0.00","0.00","725.00","0.00","0.00","0.00","0.00","0.00","0.00","51992.87","492488.24","410624.64","142642.92","0.00","35434.28","83388.80","168291.91","0.00","201439.42","111138.85","0.00","0.00","0.00","0.00"
"1000.15-07-840.SUB","15-07-840","SUB","TROPICAL WORLD NURSERY-CONSTR.FIRESTOPPING.Subcontractor","0.00","0.00","0.00","0.00","0.00","0.00","0.00","0.00","0.00","0.00","0.00","0.00","0.00","0.00","0.00","0.00","0.00","0.00","0.00","0.00","0.00","0.00","0.00","0.00","0.00","0.00","0.00","0.00","0.00","0.00","0.00","0.00","0.00","89600.00","0.00","0.00","5528.57","8374.48","2723.91","2723.91","2723.91","2723.93"
"1000.15-08-250.SUB","15-08-250","SUB","TROPICAL WORLD NURSERY-CONSTR.DOORS, FRAMES & HW.Subcontractor","0.00","0.00","0.00","0.00","0.00","0.00","0.00","0.00","0.00","0.00","0.00","0.00","0.00","0.00","0.00","0.00","0.00","0.00","0.00","0.00","0.00","0.00","0.00","0.00","0.00","0.00","0.00","17630.60","28000.00","0.00","133195.00","0.00","0.00","0.00","33864.00","0.00","256853.82","359595.35","256853.83","0.00","0.00","0.00"
"1000.15-08-450.SUB","15-08-450","SUB","TROPICAL WORLD NURSERY-CONSTR.GLASS WINDOWS & DOORS.Subcontractor","0.00","0.00","0.00","0.00","0.00","0.00","0.00","0.00","0.00","0.00","0.00","0.00","0.00","0.00","0.00","0.00","0.00","0.00","0.00","0.00","0.00","487313.83","0.00","0.00","0.00","0.00","315482.43","434930.86","537703.45","199116.83","21669.97","37846.52","53347.41","0.00","1532.29","0.00","339821.21","187487.34","0.00","0.00","0.00","0.00"
"1000.15-08-830.SUB","15-08-830","SUB","TROPICAL WORLD NURSERY-CONSTR.MIRRORS.Subcontractor","0.00","0.00","0.00","0.00","0.00","0.00","0.00","0.00","0.00","0.00","0.00","0.00","0.00","0.00","0.00","0.00","0.00","0.00","0.00","0.00","0.00","0.00","0.00","0.00","0.00","0.00","47282.17","0.00","0.00","0.00","0.00","0.00","26540.00","0.00","0.00","0.00","10614.48","13798.85","9553.04","0.00","0.00","0.00"
"1000.15-09-180.SUB","15-09-180","SUB","TROPICAL WORLD NURSERY-CONSTR.STUCCO.Subcontractor","0.00","0.00","0.00","0.00","0.00","0.00","0.00","0.00","0.00","0.00","0.00","0.00","0.00","0.00","0.00","0.00","0.00","0.00","0.00","0.00","0.00","0.00","0.00","0.00","0.00","0.00","0.00","0.00","0.00","90000.00","115000.00","30500.00","272500.00","238872.64","39500.00","0.00","431249.51","0.00","0.00","0.00","0.00","0.00"
"1000.15-09-250.SUB","15-09-250","SUB","TROPICAL WORLD NURSERY-CONSTR.GYPSUM BOARD & INSUL.Subcontractor","0.00","0.00","0.00","0.00","0.00","0.00","0.00","0.00","0.00","0.00","0.00","0.00","0.00","0.00","0.00","0.00","0.00","0.00","0.00","0.00","0.00","0.00","0.00","0.00","125000.00","320000.00","470000.00","419000.00","650000.00","123435.28","430000.00","70000.00","162500.00","359149.63","190000.00","0.00","216466.12","281405.96","194819.52","0.00","0.00","0.00"
"1000.15-09-600.SUB","15-09-600","SUB","TROPICAL WORLD NURSERY-CONSTR.FLOORING.Subcontractor","0.00","0.00","0.00","0.00","0.00","0.00","0.00","0.00","0.00","0.00","0.00","0.00","0.00","0.00","0.00","0.00","0.00","0.00","0.00","0.00","0.00","0.00","0.00","0.00","12000.00","277784.60","173397.99","80157.89","66658.58","0.00","122132.40","57489.62","23512.75","72087.36","20647.17","0.00","771020.24","1079428.33","771020.24","0.00","0.00","0.00"
"1000.15-09-910.SUB","15-09-910","SUB","TROPICAL WORLD NURSERY-CONSTR.PAINTING.Subcontractor","0.00","0.00","0.00","0.00","0.00","0.00","0.00","0.00","0.00","0.00","0.00","0.00","0.00","0.00","0.00","0.00","0.00","0.00","0.00","0.00","0.00","0.00","0.00","0.00","0.00","0.00","0.00","0.00","0.00","0.00","0.00","77121.00","58606.00","110348.00","168060.00","0.00","152457.35","213440.29","152457.36","0.00","0.00","0.00"
"1000.15-10-185.SUB","15-10-185","SUB","TROPICAL WORLD NURSERY-CONSTR.SHOWER ENCLOSURES.Subcontractor","0.00","0.00","0.00","0.00","0.00","0.00","0.00","0.00","0.00","0.00","0.00","0.00","0.00","0.00","0.00","0.00","0.00","0.00","0.00","0.00","0.00","0.00","0.00","0.00","0.00","0.00","0.00","0.00","0.00","0.00","0.00","0.00","0.00","0.00","0.00","0.00","96875.04","53124.96","0.00","0.00","0.00","0.00"
"1000.15-10-205.SUB","15-10-205","SUB","TROPICAL WORLD NURSERY-CONSTR.SPECIALTIES.Subcontractor","0.00","0.00","0.00","0.00","0.00","0.00","0.00","0.00","0.00","0.00","0.00","0.00","0.00","0.00","0.00","0.00","0.00","0.00","0.00","0.00","0.00","0.00","0.00","0.00","0.00","0.00","0.00","0.00","0.00","0.00","0.00","0.00","0.00","0.00","0.00","0.00","51403.19","28188.81","0.00","0.00","0.00","0.00"
"1000.15-10-310.SUB","15-10-310","SUB","TROPICAL WORLD NURSERY-CONSTR.FIREPLACE.Subcontractor","0.00","0.00","0.00","0.00","0.00","0.00","0.00","0.00","0.00","0.00","0.00","0.00","0.00","0.00","0.00","0.00","0.00","0.00","0.00","0.00","0.00","0.00","0.00","0.00","0.00","0.00","0.00","0.00","0.00","0.00","0.00","0.00","0.00","0.00","0.00","0.00","6845.54","3776.84","0.00","0.00","0.00","0.00"
"1000.15-10-312.SUB","15-10-312","SUB","TROPICAL WORLD NURSERY-CONSTR.FIRE EXTINGUISHERS.Subcontractor","0.00","0.00","0.00","0.00","0.00","0.00","0.00","0.00","0.00","0.00","0.00","0.00","0.00","0.00","0.00","0.00","0.00","0.00","0.00","0.00","0.00","0.00","0.00","0.00","0.00","0.00","0.00","0.00","0.00","0.00","0.00","0.00","0.00","0.00","0.00","0.00","1266.27","7949.36","4291.25","0.00","0.00","0.00"
"1000.15-10-440.SUB","15-10-440","SUB","TROPICAL WORLD NURSERY-CONSTR.SIGNAGE.Subcontractor","0.00","0.00","0.00","0.00","0.00","0.00","0.00","0.00","0.00","0.00","0.00","0.00","0.00","0.00","0.00","0.00","0.00","0.00","0.00","0.00","0.00","0.00","0.00","0.00","0.00","0.00","0.00","0.00","0.00","0.00","0.00","0.00","0.00","0.00","0.00","0.00","65.64","85.33","59.07","0.00","0.00","0.00"
"1000.15-10-550.SUB","15-10-550","SUB","TROPICAL WORLD NURSERY-CONSTR.POSTAL SPECIALTIES.Subcontractor","0.00","0.00","0.00","0.00","0.00","0.00","0.00","0.00","0.00","0.00","0.00","0.00","0.00","0.00","0.00","0.00","0.00","0.00","0.00","0.00","0.00","0.00","0.00","0.00","0.00","0.00","0.00","0.00","0.00","0.00","0.00","0.00","0.00","0.00","0.00","0.00","5006.51","45058.59","0.00","0.00","0.00","0.00"
"1000.15-11-400.SUB","15-11-400","SUB","TROPICAL WORLD NURSERY-CONSTR.FOOD SERVICE EQUIPEMENT.Subcontractor","0.00","0.00","0.00","0.00","0.00","0.00","0.00","0.00","0.00","0.00","0.00","0.00","0.00","0.00","0.00","0.00","0.00","0.00","0.00","0.00","0.00","0.00","0.00","0.00","0.00","0.00","0.00","123788.84","0.00","0.00","44359.98","0.00","0.00","0.00","0.00","0.00","29915.75","269241.73","0.00","0.00","0.00","0.00"
"1000.15-11-450.SUB","15-11-450","SUB","TROPICAL WORLD NURSERY-CONSTR.APPLIANCES.Subcontractor","0.00","0.00","0.00","0.00","0.00","0.00","0.00","0.00","0.00","0.00","0.00","0.00","0.00","0.00","0.00","0.00","0.00","0.00","0.00","0.00","0.00","0.00","0.00","0.00","0.00","0.00","0.00","0.00","0.00","0.00","0.00","0.00","0.00","0.00","0.00","0.00","309589.50","433425.30","309589.50","0.00","0.00","0.00"
"1000.15-12-300.SUB","15-12-300","SUB","TROPICAL WORLD NURSERY-CONSTR.RESIDENTIAL CASEWORK.Subcontractor","0.00","0.00","0.00","0.00","0.00","0.00","0.00","0.00","0.00","0.00","0.00","0.00","0.00","0.00","0.00","0.00","0.00","0.00","0.00","0.00","0.00","0.00","0.00","0.00","268335.09","0.00","0.00","165867.44","277363.24","233166.80","0.00","82935.69","0.00","0.00","8796.71","0.00","107843.21","140196.18","97058.89","0.00","0.00","0.00"
"1000.15-12-490.SUB","15-12-490","SUB","TROPICAL WORLD NURSERY-CONSTR.WINDOW TREATMENT.Subcontractor","0.00","0.00","0.00","0.00","0.00","0.00","0.00","0.00","0.00","0.00","0.00","0.00","0.00","0.00","0.00","0.00","0.00","0.00","0.00","0.00","0.00","0.00","0.00","0.00","0.00","0.00","0.00","0.00","0.00","0.00","0.00","0.00","0.00","69250.00","0.00","0.00","17856.59","24999.22","17856.59","0.00","0.00","0.00"
"1000.15-12-540.SUB","15-12-540","SUB","TROPICAL WORLD NURSERY-CONSTR.SITE FURNITURE.Subcontractor","0.00","0.00","0.00","0.00","0.00","0.00","0.00","0.00","0.00","0.00","0.00","0.00","0.00","0.00","0.00","0.00","0.00","0.00","0.00","0.00","0.00","0.00","0.00","0.00","0.00","0.00","0.00","0.00","0.00","0.00","0.00","0.00","23490.85","0.00","0.00","0.00","29598.86","16330.39","0.00","0.00","0.00","0.00"
"1000.15-13-150.SUB","15-13-150","SUB","TROPICAL WORLD NURSERY-CONSTR.SWIMMING POOLS.Subcontractor","0.00","0.00","0.00","0.00","0.00","0.00","0.00","0.00","0.00","0.00","0.00","0.00","0.00","0.00","0.00","0.00","0.00","0.00","0.00","0.00","8000.00","0.00","0.00","30000.00","82155.93","0.00","84800.00","42400.00","10600.00","0.00","0.00","0.00","63600.00","0.00","53000.00","0.00","34673.38","19130.12","0.00","0.00","0.00","0.00"
"1000.15-14-110.SUB","15-14-110","SUB","TROPICAL WORLD NURSERY-CONSTR.TRASH CHUTES.Subcontractor","0.00","0.00","0.00","0.00","0.00","0.00","0.00","0.00","0.00","0.00","0.00","0.00","0.00","0.00","0.00","0.00","0.00","0.00","0.00","0.00","0.00","0.00","0.00","0.00","0.00","0.00","23267.25","984.75","0.00","0.00","0.00","0.00","0.00","0.00","0.00","0.00","3948.37","4191.01","4433.64","3595.44","2757.24","1919.05"
"1000.15-14-200.SUB","15-14-200","SUB","TROPICAL WORLD NURSERY-CONSTR.ELEVATORS.Subcontractor","0.00","0.00","0.00","0.00","0.00","0.00","0.00","0.00","0.00","0.00","0.00","0.00","0.00","0.00","0.00","0.00","0.00","0.00","0.00","0.00","257426.00","0.00","0.00","0.00","0.00","0.00","0.00","0.00","11900.00","0.00","0.00","0.00","0.00","0.00","189858.45","0.00","145554.03","189220.24","130998.62","0.00","0.00","0.00"
"1000.15-15-310.SUB","15-15-310","SUB","TROPICAL WORLD NURSERY-CONSTR.FIRE SPRINKLERS.Subcontractor","0.00","0.00","0.00","0.00","0.00","0.00","0.00","0.00","0.00","0.00","0.00","0.00","0.00","0.00","0.00","0.00","0.00","0.00","0.00","0.00","0.00","0.00","35335.00","0.00","0.00","4817.50","167986.40","175506.10","194388.00","1986.00","25458.00","0.00","12813.00","11735.20","10086.80","0.00","27231.80","31832.59","24247.50","16662.41","0.00","0.00"
"1000.15-15-410.SUB","15-15-410","SUB","TROPICAL WORLD NURSERY-CONSTR.PLUMBING.Subcontractor","0.00","0.00","0.00","0.00","0.00","0.00","0.00","0.00","0.00","0.00","0.00","0.00","0.00","0.00","0.00","0.00","0.00","0.00","7970.00","0.00","0.00","45040.00","161526.23","212472.50","0.00","121562.50","155575.00","141545.00","338188.94","250370.75","135375.00","167212.00","131716.75","294830.00","56665.00","0.00","251490.85","316691.92","251490.85","186289.78","0.00","0.00"
"1000.15-15-700.SUB","15-15-700","SUB","TROPICAL WORLD NURSERY-CONSTR.HVAC.Subcontractor","0.00","0.00","0.00","0.00","0.00","0.00","0.00","0.00","0.00","0.00","0.00","0.00","0.00","0.00","0.00","0.00","0.00","0.00","0.00","0.00","0.00","211809.60","55000.00","13733.00","62641.00","73618.39","114810.51","117003.19","467737.72","281554.08","150816.29","378484.70","184000.09","209343.30","95257.90","0.00","81831.23","95656.52","72863.42","50070.32","0.00","0.00"
"1000.15-16-110.MAT","15-16-110","MAT","TROPICAL WORLD NURSERY-CONSTR.ELECTRICAL.Materials","0.00","0.00","0.00","0.00","0.00","0.00","0.00","0.00","0.00","0.00","0.00","0.00","0.00","0.00","0.00","0.00","0.00","0.00","0.00","0.00","0.00","0.00","0.00","0.00","0.00","0.00","0.00","0.00","0.00","0.00","99.39","0.00","279.60","80624.12","279.60","0.00","36008.68","48012.83","36008.68","24004.55","0.00","0.00"
"1000.15-16-110.SUB","15-16-110","SUB","TROPICAL WORLD NURSERY-CONSTR.ELECTRICAL.Subcontractor","0.00","0.00","0.00","0.00","0.00","0.00","0.00","0.00","0.00","0.00","0.00","0.00","0.00","0.00","0.00","0.00","0.00","0.00","0.00","53429.50","251362.07","922123.50","160054.85","69000.00","76162.50","483820.56","295530.50","464319.72","5995.35","206328.00","1940806.96","545234.72","-317381.21","1508998.45","1191960.24","1697173.47","747157.44","604967.05","480390.05","445306.93","0.00","0.00"
"1000.15-16-111.SUB","15-16-111","SUB","TROPICAL WORLD NURSERY-CONSTR.UNIT SUBMETERS.Subcontractor","0.00","0.00","0.00","0.00","0.00","0.00","0.00","0.00","0.00","0.00","0.00","0.00","0.00","0.00","0.00","0.00","0.00","0.00","0.00","0.00","0.00","0.00","0.00","0.00","0.00","0.00","0.00","13230.00","0.00","0.00","0.00","0.00","0.00","0.00","0.00","0.00","14210.01","7839.99","0.00","0.00","0.00","0.00"
"1000.15-16-112.SUB","15-16-112","SUB","TROPICAL WORLD NURSERY-CONSTR.BDA & DAS SYSTEM-ALW.Subcontractor","0.00","0.00","0.00","0.00","0.00","0.00","0.00","0.00","0.00","0.00","0.00","0.00","0.00","0.00","0.00","0.00","0.00","0.00","0.00","0.00","0.00","0.00","0.00","0.00","0.00","0.00","0.00","0.00","0.00","0.00","0.00","0.00","0.00","81897.97","0.00","0.00","11361.83","12060.04","12758.26","10346.25","7934.24","5522.23"
"1000.15-16-400.SUB","15-16-400","SUB","TROPICAL WORLD NURSERY-CONSTR.LOW VOLTAGE DISTRIBUTION.Subcontractor","0.00","0.00","0.00","0.00","0.00","0.00","0.00","0.00","0.00","0.00","0.00","0.00","0.00","0.00","0.00","0.00","0.00","0.00","0.00","0.00","0.00","0.00","0.00","0.00","231263.00","0.00","0.00","146756.67","0.00","4270.00","0.00","0.00","0.00","0.00","0.00","0.00","81082.46","105407.20","72974.22","0.00","0.00","0.00"
"1000.20-18-107.MAT","20-18-107","MAT","TROPICAL WORLD NURSERY-CONSTR.SUBCONTRACTOR DEFAULT INS.Materials","0.00","0.00","0.00","0.00","0.00","0.00","0.00","0.00","0.00","0.00","0.00","0.00","0.00","0.00","0.00","0.00","0.00","0.00","0.00","0.00","0.00","0.00","5875.00","457020.53","28332.00","0.00","0.00","5600.33","0.00","0.00","0.00","0.00","0.00","0.00","0.00","0.00","109629.70","116366.72","123103.74","99830.40","76557.05","53283.72"
"1000.20-18-110.OVH","20-18-110","OVH","TROPICAL WORLD NURSERY-CONSTR.CONTRACTOR'S FEE.Overhead","0.00","0.00","0.00","0.00","0.00","0.00","0.00","0.00","0.00","0.00","0.00","0.00","0.00","0.00","0.00","0.00","0.00","0.00","0.00","0.00","0.00","0.00","0.00","0.00","0.00","0.00","0.00","0.00","0.00","0.00","0.00","0.00","0.00","0.00","0.00","0.00","0.00","0.00","0.00","0.00","0.00","0.00"
"1000.20-18-141.MAT","20-18-141","MAT","TROPICAL WORLD NURSERY-CONSTR.CONTRACTOR'S CONTINGENCY.Materials","0.00","0.00","0.00","0.00","0.00","0.00","0.00","0.00","0.00","0.00","0.00","0.00","0.00","0.00","0.00","0.00","0.00","0.00","0.00","0.00","0.00","0.00","0.00","0.00","0.00","0.00","0.00","0.00","0.00","0.00","0.00","0.00","0.00","0.00","0.00","0.00","0.00","0.00","0.00","0.00","0.00","0.00"
"1000.20-18-170.MAT","20-18-170","MAT","TROPICAL WORLD NURSERY-CONSTR.PAYMENT & PERFORMANCE BOND.Materials","0.00","0.00","0.00","0.00","0.00","0.00","0.00","0.00","0.00","0.00","0.00","0.00","0.00","0.00","0.00","0.00","0.00","0.00","302326.00","0.00","0.00","0.00","0.00","0.00","0.00","0.00","0.00","0.00","0.00","0.00","0.00","0.00","0.00","0.00","0.00","0.00","0.00","0.00","0.00","0.00","0.00","0.00"
"1000.20-18-250.MAT","20-18-250","MAT","TROPICAL WORLD NURSERY-CONSTR.BUYOUT CONTINGENCY.Materials","0.00","0.00","0.00","0.00","0.00","0.00","0.00","0.00","0.00","0.00","0.00","0.00","0.00","0.00","0.00","0.00","0.00","0.00","0.00","0.00","0.00","0.00","0.00","0.00","0.00","0.00","0.00","0.00","0.00","0.00","0.00","0.00","0.00","0.00","0.00","0.00","0.00","0.00","0.00","0.00","0.00","0.00"
"1000.90-01-300.MAT","90-01-300","MAT","TROPICAL WORLD NURSERY-CONSTR.REIMBURSABLE ITEMS.Materials","0.00","0.00","0.00","0.00","0.00","0.00","0.00","0.00","0.00","0.00","0.00","0.00","0.00","0.00","0.00","0.00","0.00","0.00","0.00","0.00","0.00","1297.34","0.00","76.88","0.00","513.53","184.50","1390.43","891.53","1850.30","3199.58","4994.10","4780.99","2650.67","2893.45","51.10","964.93","1024.23","1083.53","878.68","673.84","469.00"
