"cost_code","cost_code_description","2023-06","2023-07","2023-08","2023-09","2023-10","2023-11","2023-12","2024-01","2024-02","2024-03","2024-04","2024-05","2024-06","2024-07","2024-08","2024-09","2024-10","2024-11","2024-12","2025-01","2025-02","2025-03","2025-04","2025-05","2025-06","2025-07","2025-08","2025-09","2025-10","2025-11","2025-12","2026-01","2026-02","2026-03","2026-04","2026-05","2026-06"
"03-01-025","CLOSED - DO NOT USE.PLAN COPY EXPENSE.Materials","0.00","0.00","0.00","0.00","0.00","0.00","0.00","0.00","0.00","0.00","0.00","0.00","172.02","0.25","0.00","547.62","312.51","0.00","0.00","0.00","0.00","0.00","0.00","0.00","0.00","0.00","0.00","0.00","0.00","0.00","0.00","0.00","0.00","0.00","0.00","0.00","0.00"
"03-01-413","CLOSED - DO NOT USE.ESTIMATING.Labor","807.95","4039.78","0.00","0.00","0.00","65.60","1733.32","0.00","0.00","0.00","0.00","0.00","4542.77","16429.73","38544.29","10607.42","45573.59","33687.35","95.05","0.00","0.00","0.00","0.00","0.00","0.00","0.00","0.00","0.00","0.00","0.00","0.00","0.00","0.00","0.00","0.00","0.00","0.00"
"10-01-025","TROPICAL WORLD NURSERY-CONSTR.PLAN COPY EXPENSE.Materials","0.00","0.00","0.00","0.00","0.00","0.00","0.00","0.00","0.00","0.00","0.00","0.00","0.00","0.00","0.00","0.00","0.00","161.88","112.71","19.84","320.15","2487.73","259.23","0.85","78.47","101.55","165.33","3.00","25.50","1.85","12.50","0.00","1.00","24.41","0.00","0.25","0.00"
"10-01-100","TROPICAL WORLD NURSERY-CONSTR.PRECONSTRUCTION.Labor","0.00","0.00","0.00","0.00","0.00","0.00","0.00","0.00","0.00","0.00","0.00","0.00","0.00","0.00","0.00","0.00","0.00","0.00","0.00","0.00","0.00","0.00","0.00","0.00","0.00","0.00","0.00","0.00","0.00","0.00","0.00","0.00","0.00","0.00","0.00","0.00","0.00"
"10-01-302","TROPICAL WORLD NURSERY-CONSTR.VDC DIRECTOR.Labor","0.00","0.00","0.00","0.00","0.00","0.00","0.00","0.00","0.00","0.00","0.00","0.00","0.00","0.00","0.00","0.00","0.00","0.00","0.00","1680.30","1658.95","2386.90","1670.80","1432.11","716.05","1579.49","1006.74","4761.49","1816.39","10094.50","1745.68","277.20","1208.94","160.63","160.63","80.32","0.00"
"10-01-308","TROPICAL WORLD NURSERY-CONSTR.ASSISTANT PROJECT MANAGER.Labor","0.00","0.00","0.00","0.00","0.00","0.00","0.00","0.00","0.00","0.00","0.00","0.00","0.00","0.00","0.00","0.00","0.00","3265.14","4353.60","5471.00","7676.00","10998.41","11789.38","14408.99","11718.40","10998.52","2979.64","32.90","0.00","4077.08","0.00","0.00","0.00","0.00","0.00","0.00","0.00"
"10-01-310","TROPICAL WORLD NURSERY-CONSTR.ACCOUNTING.Labor","0.00","0.00","0.00","0.00","0.00","0.00","0.00","0.00","0.00","0.00","0.00","0.00","0.00","0.00","0.00","0.00","0.00","0.00","0.00","94.88","379.52","869.53","1207.92","2257.00","1618.61","1781.33","2801.91","1957.60","3126.85","2333.90","1648.54","2348.97","2927.30","2415.97","3218.65","3316.90","354.74"
"10-01-311","TROPICAL WORLD NURSERY-CONSTR.EXECUTIVE MANAGEMENT.Labor","0.00","0.00","0.00","0.00","0.00","0.00","0.00","0.00","0.00","0.00","0.00","0.00","0.00","0.00","0.00","0.00","0.00","3022.51","9517.96","15721.18","11835.74","12025.81","9086.70","9927.09","7374.08","7447.03","9590.15","10731.43","14629.47","6424.66","7458.08","14429.06","22936.60","18239.07","12325.16","17673.12","2790.01"
"10-01-312","TROPICAL WORLD NURSERY-CONSTR.SUPERINTENDENT 1.Labor","0.00","0.00","0.00","0.00","0.00","0.00","0.00","0.00","0.00","0.00","0.00","0.00","0.00","0.00","0.00","0.00","0.00","1974.98","2273.14","600.00","4448.47","600.00","8803.95","21700.00","16554.96","17428.93","21499.11","17499.42","21450.80","25452.49","28067.18","26160.73","5064.26","0.00","0.00","0.00","0.00"
"10-01-314","TROPICAL WORLD NURSERY-CONSTR.SUPERINTENDENT 2.Labor","0.00","0.00","0.00","0.00","0.00","0.00","0.00","0.00","0.00","0.00","0.00","0.00","0.00","0.00","0.00","0.00","74.42","10873.27","27996.56","45118.87","30759.80","35021.12","25138.42","20363.73","14876.27","15894.19","19357.04","18781.10","22378.53","28983.02","33038.48","46316.28","49771.30","47229.66","48599.32","60287.99","11247.83"
"10-01-315","TROPICAL WORLD NURSERY-CONSTR.ASST SUPERINTENDENT.Labor","0.00","0.00","0.00","0.00","0.00","0.00","0.00","0.00","0.00","0.00","0.00","0.00","0.00","0.00","0.00","0.00","0.00","0.00","4112.57","7668.56","11058.60","11060.84","17516.71","16328.10","7820.43","7820.36","15506.31","7823.63","9780.90","9601.70","7824.72","9834.19","7829.62","7824.71","10083.01","19647.51","5716.80"
"10-01-317","TROPICAL WORLD NURSERY-CONSTR.PROJECT COORDINATOR.Labor","0.00","0.00","0.00","0.00","0.00","0.00","0.00","0.00","0.00","0.00","0.00","0.00","0.00","0.00","0.00","0.00","0.00","3114.77","9384.07","11883.24","8954.80","9190.06","9001.80","14789.52","12895.43","13144.38","17383.52","12096.62","15362.32","12865.69","12462.43","15474.03","16930.58","17146.13","16460.74","19339.15","3175.64"
"10-01-318","TROPICAL WORLD NURSERY-CONSTR.PROJECT MANAGER.Labor","0.00","0.00","0.00","0.00","0.00","0.00","0.00","0.00","0.00","0.00","0.00","0.00","0.00","0.00","0.00","0.00","0.00","12110.72","17349.23","32022.24","22617.70","17099.74","16274.19","20161.64","16385.44","16272.06","24173.17","16825.89","28982.44","33173.77","32989.94","36722.91","16299.91","8058.13","600.00","12522.61","5222.92"
"10-01-340","TROPICAL WORLD NURSERY-CONSTR.SCHEDULING.Materials","0.00","0.00","0.00","0.00","0.00","0.00","0.00","0.00","0.00","0.00","0.00","0.00","0.00","0.00","0.00","0.00","0.00","2200.00","1950.00","1950.00","1950.00","2925.00","1950.00","2568.75","1950.00","1950.00","2087.50","0.00","2500.00","3600.00","1950.00","2250.00","4125.00","0.00","0.00","6750.00","0.00"
"10-01-422","TROPICAL WORLD NURSERY-CONSTR.ENGINEERING.Materials","0.00","0.00","0.00","0.00","0.00","0.00","0.00","0.00","0.00","0.00","0.00","0.00","0.00","0.00","0.00","0.00","0.00","0.00","0.00","0.00","0.00","0.00","0.00","0.00","0.00","0.00","0.00","0.00","0.00","0.00","0.00","0.00","0.00","0.00","0.00","0.00","0.00"
"10-01-460","TROPICAL WORLD NURSERY-CONSTR.SAFETY SUPERVISOR.Labor","0.00","0.00","0.00","0.00","0.00","0.00","0.00","0.00","0.00","0.00","0.00","0.00","0.00","0.00","0.00","0.00","0.00","403.15","192.28","369.31","369.51","450.16","252.12","969.89","1762.47","4638.37","10478.82","6467.92","5846.07","6722.65","4298.95","4827.76","3367.04","2946.52","2461.26","1811.62","336.53"
"10-01-500","TROPICAL WORLD NURSERY-CONSTR.FURNITURE.Materials","0.00","0.00","0.00","0.00","0.00","0.00","0.00","0.00","0.00","0.00","0.00","0.00","0.00","0.00","0.00","0.00","0.00","0.00","1556.18","-200.06","0.00","0.00","0.00","0.00","0.00","0.00","0.00","0.00","0.00","0.00","0.00","0.00","0.00","233.55","0.00","0.00","0.00"
"10-01-505","TROPICAL WORLD NURSERY-CONSTR.POSTAGE.Materials","0.00","0.00","0.00","0.00","0.00","0.00","0.00","0.00","0.00","0.00","0.00","0.00","0.00","0.00","0.00","0.00","0.00","10.61","19.28","0.00","0.00","0.00","0.00","37.54","24.78","23.94","0.00","0.00","31.32","0.00","0.00","0.00","0.00","0.00","0.00","0.00","0.00"
"10-01-513","TROPICAL WORLD NURSERY-CONSTR.EQUIPMENT FUEL.Materials","0.00","0.00","0.00","0.00","0.00","0.00","0.00","0.00","0.00","0.00","0.00","0.00","0.00","0.00","0.00","0.00","0.00","51.64","424.45","1038.28","875.87","923.00","756.47","335.18","879.16","626.65","310.65","382.43","0.00","149.84","218.90","118.64","0.00","0.00","144.24","0.00","0.00"
"10-01-517","TROPICAL WORLD NURSERY-CONSTR.TELEPHONES.Materials","0.00","0.00","0.00","0.00","0.00","0.00","0.00","0.00","0.00","0.00","0.00","0.00","0.00","0.00","0.00","0.00","0.00","0.00","0.99","0.99","0.00","0.00","0.00","0.00","0.00","0.00","0.00","117.69","0.00","0.00","0.00","0.00","0.00","178.17","0.00","0.00","0.00"
"10-01-520","TROPICAL WORLD NURSERY-CONSTR.OFFICE SUPPLIES.Materials","0.00","0.00","0.00","0.00","0.00","0.00","0.00","0.00","0.00","0.00","0.00","0.00","0.00","0.00","0.00","0.00","0.00","0.00","575.63","87.62","0.00","850.94","1141.83","49.22","0.00","114.60","0.00","299.55","296.08","30.36","276.59","739.62","239.49","322.71","198.48","310.00","0.00"
"10-01-521","TROPICAL WORLD NURSERY-CONSTR.FIELD OFFICES & SHEDS.Materials","0.00","0.00","0.00","0.00","0.00","0.00","0.00","0.00","0.00","0.00","0.00","0.00","0.00","0.00","0.00","0.00","0.00","0.00","18449.11","4117.09","3481.51","3621.51","3647.36","8179.87","4196.51","3812.36","355.85","7269.70","6453.29","3837.36","6716.27","9497.49","2161.74","1996.66","2161.74","2427.99","0.00"
"10-01-522","TROPICAL WORLD NURSERY-CONSTR.FIRST AID.Materials","0.00","0.00","0.00","0.00","0.00","0.00","0.00","0.00","0.00","0.00","0.00","0.00","0.00","0.00","0.00","0.00","0.00","90.43","0.00","0.00","0.00","0.00","0.00","0.00","0.00","0.00","0.00","0.00","0.00","0.00","0.00","0.00","0.00","0.00","0.00","0.00","0.00"
"10-01-523","TROPICAL WORLD NURSERY-CONSTR.SANITARY FACILITIES.Materials","0.00","0.00","0.00","0.00","0.00","0.00","0.00","0.00","0.00","0.00","0.00","0.00","0.00","0.00","0.00","0.00","0.00","175.33","318.86","1996.27","1661.81","1400.00","2800.00","500.00","1000.00","1600.00","600.00","1600.00","15575.00","1100.00","3750.00","2750.00","8400.00","3600.00","4050.00","1950.00","0.00"
"10-01-531","TROPICAL WORLD NURSERY-CONSTR.COMPUTER SOFTWARE & LICENSING.Materials","0.00","0.00","0.00","0.00","0.00","0.00","0.00","0.00","0.00","0.00","0.00","0.00","0.00","0.00","0.00","0.00","0.00","0.00","56.28","137589.66","140.00","-285.94","65.00","-65.00","0.00","0.00","0.00","0.00","0.00","0.00","0.00","0.00","0.00","0.00","0.00","0.00","0.00"
"10-01-532","TROPICAL WORLD NURSERY-CONSTR.SMALL TOOLS.Materials","0.00","0.00","0.00","0.00","0.00","0.00","0.00","0.00","0.00","0.00","0.00","0.00","0.00","0.00","0.00","0.00","293.08","32.04","704.78","845.58","235.37","1351.98","1515.89","2138.18","1611.50","1650.35","332.40","2850.18","2896.58","2648.48","1656.06","1381.14","557.28","938.46","536.55","1117.75","0.00"
"10-01-533","TROPICAL WORLD NURSERY-CONSTR.COMPUTER HARDWARE.Materials","0.00","0.00","0.00","0.00","0.00","0.00","0.00","0.00","0.00","0.00","0.00","0.00","0.00","0.00","0.00","0.00","0.00","0.00","3689.86","117.69","22.57","1035.92","42.00","65.00","0.00","0.00","0.00","0.00","0.00","3000.00","465.90","165.00","165.00","0.00","47.84","0.00","0.00"
"10-01-534","TROPICAL WORLD NURSERY-CONSTR.SITE STORAGE.Materials","0.00","0.00","0.00","0.00","0.00","0.00","0.00","0.00","0.00","0.00","0.00","0.00","0.00","0.00","0.00","0.00","0.00","955.85","310.21","165.85","165.85","165.85","0.00","0.00","165.85","0.00","0.00","165.85","165.85","0.00","0.00","0.00","0.00","165.08","0.00","0.00","0.00"
"10-01-544","TROPICAL WORLD NURSERY-CONSTR.EQUIPMENT RENTAL.Materials","0.00","0.00","0.00","0.00","0.00","0.00","0.00","0.00","0.00","0.00","0.00","0.00","0.00","0.00","0.00","0.00","0.00","0.00","1168.55","1086.05","818.55","1637.65","818.55","4128.30","5709.47","2656.15","4595.20","24622.02","7725.00","9383.49","8758.10","5248.33","1134.23","2684.23","3561.03","1038.90","0.00"
"10-01-552","TROPICAL WORLD NURSERY-CONSTR.JOB SIGN.Materials","0.00","0.00","0.00","0.00","0.00","0.00","0.00","0.00","0.00","0.00","0.00","0.00","0.00","0.00","0.00","0.00","0.00","1037.20","853.20","0.00","0.00","0.00","0.00","0.00","0.00","0.00","0.00","0.00","0.00","0.00","0.00","0.00","0.00","0.00","0.00","0.00","0.00"
"10-01-565","TROPICAL WORLD NURSERY-CONSTR.ICE, CUPS & WATER COOLER.Materials","0.00","0.00","0.00","0.00","0.00","0.00","0.00","0.00","0.00","0.00","0.00","0.00","0.00","0.00","0.00","0.00","0.00","0.00","0.00","0.00","80.54","59.72","0.00","85.36","135.57","705.87","68.94","177.17","0.00","156.60","136.94","80.86","68.54","102.68","15.26","0.00","0.00"
"10-01-568","TROPICAL WORLD NURSERY-CONSTR.SECURITY MEASURES.Materials","0.00","0.00","0.00","0.00","0.00","0.00","0.00","0.00","0.00","0.00","0.00","0.00","0.00","0.00","0.00","0.00","0.00","0.00","0.00","0.00","0.00","0.00","0.00","0.00","0.00","0.00","0.00","0.00","6699.27","0.00","0.00","0.00","0.00","0.00","0.00","0.00","0.00"
"10-01-600","TROPICAL WORLD NURSERY-CONSTR.FIRE PROTECTION.Materials","0.00","0.00","0.00","0.00","0.00","0.00","0.00","0.00","0.00","0.00","0.00","0.00","0.00","0.00","0.00","0.00","0.00","0.00","0.00","0.00","0.00","0.00","219.83","0.00","0.00","5000.00","0.00","0.00","0.00","0.00","0.00","0.00","0.00","0.00","0.00","0.00","0.00"
"10-01-612","TROPICAL WORLD NURSERY-CONSTR.JOBSITE CONSUMABLES.Materials","0.00","0.00","0.00","0.00","0.00","0.00","0.00","0.00","0.00","0.00","0.00","0.00","0.00","0.00","0.00","0.00","139.08","31.43","1309.43","432.12","738.89","492.32","2360.25","1958.14","1442.08","3712.73","4075.19","11125.34","740.70","942.22","891.28","946.88","836.31","574.47","477.64","0.00","0.00"
"10-01-743","TROPICAL WORLD NURSERY-CONSTR.JANTITOR SUPPLIES.Materials","0.00","0.00","0.00","0.00","0.00","0.00","0.00","0.00","0.00","0.00","0.00","0.00","0.00","0.00","0.00","0.00","0.00","0.00","0.00","156.28","0.00","0.00","0.00","55.00","0.00","0.00","0.00","0.00","0.00","0.00","0.00","0.00","0.00","0.00","0.00","0.00","0.00"
"10-01-870","TROPICAL WORLD NURSERY-CONSTR.PROG PHOTOS-GROUND.Materials","0.00","0.00","0.00","0.00","0.00","0.00","0.00","0.00","0.00","0.00","0.00","0.00","0.00","0.00","0.00","0.00","0.00","750.00","0.00","0.00","0.00","0.00","0.00","0.00","0.00","0.00","0.00","0.00","0.00","0.00","0.00","0.00","0.00","0.00","0.00","0.00","0.00"
"10-01-871","TROPICAL WORLD NURSERY-CONSTR.PROG PHOTOS-AERIAL.Materials","0.00","0.00","0.00","0.00","0.00","0.00","0.00","0.00","0.00","0.00","0.00","0.00","0.00","0.00","0.00","0.00","0.00","0.00","0.00","0.00","0.00","0.00","0.00","0.00","0.00","0.00","0.00","0.00","0.00","0.00","0.00","0.00","0.00","0.00","0.00","0.00","0.00"
"15-01-426","TROPICAL WORLD NURSERY-CONSTR.SURVEY.Materials","0.00","0.00","0.00","0.00","0.00","0.00","0.00","0.00","0.00","0.00","0.00","0.00","0.00","0.00","0.00","0.00","0.00","0.00","0.00","0.00","4060.00","3308.50","0.00","3747.50","4770.00","1787.50","0.00","1625.00","0.00","1445.00","0.00","2910.00","907.50","6435.00","0.00","-3217.50","0.00"
"15-01-460","TROPICAL WORLD NURSERY-CONSTR.SAFETY EQUIPMENT.Materials","0.00","0.00","0.00","0.00","0.00","0.00","0.00","0.00","0.00","0.00","0.00","0.00","0.00","0.00","0.00","0.00","0.00","0.00","0.00","221.77","0.00","0.00","1174.52","0.00","0.00","258.78","0.00","403.22","0.00","0.00","0.00","0.00","0.00","297.24","0.00","0.00","0.00"
"15-01-515","TROPICAL WORLD NURSERY-CONSTR.TEMPORARY FENCE & GATES.Subcontractor","0.00","0.00","0.00","0.00","0.00","0.00","0.00","0.00","0.00","0.00","0.00","0.00","0.00","0.00","0.00","0.00","0.00","0.00","0.00","0.00","0.00","4922.00","0.00","0.00","1063.00","2803.49","2568.00","5510.85","669.44","5619.26","6818.62","2706.29","468.60","3923.45","2017.46","2948.79","0.00"
"15-01-530","TROPICAL WORLD NURSERY-CONSTR.TEMPORARY LABOR.Labor","0.00","0.00","0.00","0.00","0.00","0.00","0.00","0.00","0.00","0.00","0.00","0.00","0.00","0.00","0.00","0.00","0.00","0.00","0.00","0.00","605.91","0.00","5309.37","8350.11","5383.52","5530.40","7616.20","6275.61","7852.41","11847.16","10537.09","11974.73","11118.84","11034.95","13017.37","14513.84","2549.21"
"15-01-555","TROPICAL WORLD NURSERY-CONSTR.MOT.Materials","0.00","0.00","0.00","0.00","0.00","0.00","0.00","0.00","0.00","0.00","0.00","0.00","0.00","0.00","0.00","0.00","0.00","0.00","0.00","0.00","0.00","0.00","0.00","0.00","0.00","0.00","0.00","0.00","0.00","0.00","0.00","0.00","0.00","0.00","0.00","0.00","0.00"
"15-01-560","TROPICAL WORLD NURSERY-CONSTR.FLOOR PROTECTION.Materials","0.00","0.00","0.00","0.00","0.00","0.00","0.00","0.00","0.00","0.00","0.00","0.00","0.00","0.00","0.00","0.00","0.00","0.00","0.00","0.00","0.00","0.00","0.00","0.00","0.00","0.00","0.00","0.00","0.00","0.00","0.00","0.00","0.00","0.00","0.00","0.00","0.00"
"15-01-741","TROPICAL WORLD NURSERY-CONSTR.CONSTRUCTION CLEAN.Materials","0.00","0.00","0.00","0.00","0.00","0.00","0.00","0.00","0.00","0.00","0.00","0.00","0.00","0.00","0.00","0.00","0.00","0.00","0.00","0.00","0.00","350.00","0.00","0.00","0.00","0.00","0.00","0.00","0.00","0.00","24880.00","0.00","822.65","0.00","1233.98","3084.95","0.00"
"15-01-743","TROPICAL WORLD NURSERY-CONSTR.SITE MAINTENANCE.Materials","0.00","0.00","0.00","0.00","0.00","0.00","0.00","0.00","0.00","0.00","0.00","0.00","0.00","0.00","0.00","0.00","630.64","101.25","298.28","0.00","0.00","0.00","0.00","0.00","1100.00","508.25","0.00","21292.85","15565.65","9126.23","411.33","0.00","0.00","0.00","0.00","187.60","0.00"
"15-01-744","TROPICAL WORLD NURSERY-CONSTR.TRASH REMOVAL.Labor","0.00","0.00","0.00","0.00","0.00","0.00","0.00","0.00","0.00","0.00","0.00","0.00","0.00","0.00","0.00","0.00","0.00","0.00","205.60","171.92","0.00","0.00","291.28","0.00","0.00","0.00","0.00","0.00","0.00","0.00","0.00","0.00","0.00","0.00","0.00","0.00","0.00"
"15-01-745","TROPICAL WORLD NURSERY-CONSTR.DUMPSTERS.Materials","0.00","0.00","0.00","0.00","0.00","0.00","0.00","0.00","0.00","0.00","0.00","0.00","0.00","0.00","0.00","0.00","0.00","0.00","0.00","0.00","423.10","2516.30","3866.40","8560.20","23331.40","23360.30","-10301.70","15311.00","11566.80","10250.60","9700.30","7976.00","7648.70","11732.10","18313.20","0.00","0.00"
"15-02-010","TROPICAL WORLD NURSERY-CONSTR.SITEWORK.Subcontractor","0.00","0.00","0.00","0.00","0.00","0.00","0.00","0.00","0.00","0.00","0.00","0.00","0.00","0.00","0.00","0.00","0.00","367200.00","243852.00","473932.00","354460.00","220031.00","216769.00","60695.00","146154.00","10933.14","209195.22","171995.39","146189.13","124070.68","101889.91","26587.50","50183.20","161253.03","79156.86","0.00","0.00"
"15-02-510","TROPICAL WORLD NURSERY-CONSTR.ELEC/H20 CONSUM-ALW.Materials","0.00","0.00","0.00","0.00","0.00","0.00","0.00","0.00","0.00","0.00","0.00","0.00","0.00","0.00","0.00","0.00","0.00","744.01","6103.76","2902.48","12283.84","4689.74","17603.80","5567.84","10301.89","8734.84","-798.76","2566.52","3852.00","6390.50","5769.00","1917.00","5751.00","3834.00","0.00","0.00","0.00"
"15-02-805","TROPICAL WORLD NURSERY-CONSTR.IRRIGATION & LANDSCAPING.Subcontractor","0.00","0.00","0.00","0.00","0.00","0.00","0.00","0.00","0.00","0.00","0.00","0.00","0.00","0.00","0.00","0.00","0.00","0.00","0.00","0.00","92749.50","0.00","24870.00","14400.00","0.00","0.00","0.00","2660.00","0.00","2660.68","296815.00","0.00","0.00","61250.00","0.00","0.00","0.00"
"15-02-808","TROPICAL WORLD NURSERY-CONSTR.BRICK PAVERS / TURF.Subcontractor","0.00","0.00","0.00","0.00","0.00","0.00","0.00","0.00","0.00","0.00","0.00","0.00","0.00","0.00","0.00","0.00","0.00","0.00","0.00","0.00","0.00","0.00","0.00","0.00","0.00","0.00","0.00","0.00","0.00","0.00","0.00","0.00","31500.01","30614.57","0.00","0.00","0.00"
"15-03-010","TROPICAL WORLD NURSERY-CONSTR.CONCRETE WORK.Subcontractor","0.00","0.00","0.00","0.00","0.00","0.00","0.00","0.00","0.00","0.00","0.00","0.00","0.00","0.00","0.00","0.00","0.00","0.00","0.00","0.00","0.00","0.00","797868.90","1963650.00","2974158.42","2553800.00","923940.00","867435.95","0.00","0.00","3100.00","0.00","0.00","103617.72","0.00","0.00","0.00"
"15-04-400","TROPICAL WORLD NURSERY-CONSTR.STONE VENEER.Subcontractor","0.00","0.00","0.00","0.00","0.00","0.00","0.00","0.00","0.00","0.00","0.00","0.00","0.00","0.00","0.00","0.00","0.00","0.00","0.00","0.00","0.00","0.00","0.00","0.00","0.00","0.00","0.00","0.00","0.00","0.00","0.00","0.00","49333.58","0.00","94601.42","0.00","0.00"
"15-05-522","TROPICAL WORLD NURSERY-CONSTR.PERGOLA/TRELLIS.Subcontractor","0.00","0.00","0.00","0.00","0.00","0.00","0.00","0.00","0.00","0.00","0.00","0.00","0.00","0.00","0.00","0.00","0.00","0.00","56904.00","0.00","0.00","0.00","0.00","27300.00","0.00","0.00","0.00","5745.00","0.00","7365.00","0.00","0.00","0.00","40350.00","19825.00","0.00","0.00"
"15-05-910","TROPICAL WORLD NURSERY-CONSTR.MISCELLANEOUS METALS.Subcontractor","0.00","0.00","0.00","0.00","0.00","0.00","0.00","0.00","0.00","0.00","0.00","0.00","0.00","0.00","0.00","0.00","0.00","0.00","177096.00","0.00","0.00","0.00","0.00","27300.00","10916.00","0.00","19261.00","40562.00","0.00","29135.00","24027.00","0.00","24027.00","38437.00","21454.00","0.00","0.00"
"15-06-100","TROPICAL WORLD NURSERY-CONSTR.ROUGH CARPENTRY.Materials","0.00","0.00","0.00","0.00","0.00","0.00","0.00","0.00","0.00","0.00","0.00","0.00","0.00","0.00","0.00","0.00","0.00","0.00","0.00","0.00","0.00","0.00","0.00","0.00","0.00","0.00","0.00","5022.25","2012.48","0.00","0.00","0.00","0.00","0.00","0.00","0.00","0.00"
"15-06-190","TROPICAL WORLD NURSERY-CONSTR.WOOD TRUSSES.Subcontractor","0.00","0.00","0.00","0.00","0.00","0.00","0.00","0.00","0.00","0.00","0.00","0.00","0.00","0.00","0.00","0.00","0.00","0.00","0.00","0.00","0.00","0.00","0.00","0.00","0.00","47874.79","47559.37","0.00","0.00","0.00","0.00","0.00","0.00","0.00","0.00","0.00","0.00"
"15-06-200","TROPICAL WORLD NURSERY-CONSTR.FINISH CARPENTRY.Subcontractor","0.00","0.00","0.00","0.00","0.00","0.00","0.00","0.00","0.00","0.00","0.00","0.00","0.00","0.00","0.00","0.00","0.00","0.00","0.00","0.00","0.00","0.00","0.00","0.00","0.00","0.00","0.00","0.00","0.00","0.00","0.00","0.00","0.00","0.00","0.00","0.00","0.00"
"15-06-220","TROPICAL WORLD NURSERY-CONSTR.MILLWORK.Subcontractor","0.00","0.00","0.00","0.00","0.00","0.00","0.00","0.00","0.00","0.00","0.00","0.00","0.00","0.00","0.00","0.00","0.00","0.00","0.00","0.00","0.00","0.00","0.00","0.00","0.00","0.00","0.00","156550.00","0.00","103200.00","83500.00","0.00","343250.00","123000.00","43800.00","-43800.00","0.00"
"15-06-270","TROPICAL WORLD NURSERY-CONSTR.CLOSET & WOOD SHELVE.Subcontractor","0.00","0.00","0.00","0.00","0.00","0.00","0.00","0.00","0.00","0.00","0.00","0.00","0.00","0.00","0.00","0.00","0.00","0.00","0.00","0.00","0.00","0.00","0.00","0.00","0.00","0.00","88945.33","0.00","0.00","0.00","0.00","0.00","0.00","88945.33","0.00","0.00","0.00"
"15-06-411","TROPICAL WORLD NURSERY-CONSTR.AMENITY COUNTERTOPS.Subcontractor","0.00","0.00","0.00","0.00","0.00","0.00","0.00","0.00","0.00","0.00","0.00","0.00","0.00","0.00","0.00","0.00","0.00","0.00","0.00","0.00","0.00","0.00","0.00","0.00","0.00","0.00","0.00","0.00","0.00","0.00","0.00","0.00","0.00","0.00","0.00","0.00","0.00"
"15-06-414","TROPICAL WORLD NURSERY-CONSTR.UNIT COUNTERTOPS.Subcontractor","0.00","0.00","0.00","0.00","0.00","0.00","0.00","0.00","0.00","0.00","0.00","0.00","0.00","0.00","0.00","0.00","0.00","0.00","0.00","0.00","0.00","0.00","0.00","0.00","0.00","0.00","0.00","0.00","0.00","0.00","0.00","0.00","0.00","0.00","0.00","0.00","0.00"
"15-07-105","TROPICAL WORLD NURSERY-CONSTR.WATERPROOFING.Subcontractor","0.00","0.00","0.00","0.00","0.00","0.00","0.00","0.00","0.00","0.00","0.00","0.00","0.00","0.00","0.00","0.00","0.00","0.00","0.00","0.00","0.00","0.00","3600.00","5400.00","0.00","0.00","2800.00","11900.00","37800.00","0.00","0.00","0.00","0.00","0.00","0.00","0.00","0.00"
"15-07-200","TROPICAL WORLD NURSERY-CONSTR.THERMAL PROTECTION.Subcontractor","0.00","0.00","0.00","0.00","0.00","0.00","0.00","0.00","0.00","0.00","0.00","0.00","0.00","0.00","0.00","0.00","0.00","0.00","0.00","0.00","0.00","0.00","0.00","0.00","0.00","0.00","0.00","0.00","221774.50","157459.50","164461.75","118446.50","147739.15","24422.60","0.00","0.00","0.00"
"15-07-590","TROPICAL WORLD NURSERY-CONSTR.ROOFING.Subcontractor","0.00","0.00","0.00","0.00","0.00","0.00","0.00","0.00","0.00","0.00","0.00","0.00","0.00","0.00","0.00","0.00","0.00","0.00","0.00","0.00","725.00","0.00","0.00","0.00","0.00","0.00","0.00","51992.87","492488.24","410624.64","142642.92","0.00","35434.28","83388.80","168291.91","0.00","0.00"
"15-07-840","TROPICAL WORLD NURSERY-CONSTR.FIRESTOPPING.Subcontractor","0.00","0.00","0.00","0.00","0.00","0.00","0.00","0.00","0.00","0.00","0.00","0.00","0.00","0.00","0.00","0.00","0.00","0.00","0.00","0.00","0.00","0.00","0.00","0.00","0.00","0.00","0.00","0.00","0.00","0.00","0.00","0.00","0.00","89600.00","0.00","0.00","0.00"
"15-08-250","TROPICAL WORLD NURSERY-CONSTR.DOORS, FRAMES & HW.Subcontractor","0.00","0.00","0.00","0.00","0.00","0.00","0.00","0.00","0.00","0.00","0.00","0.00","0.00","0.00","0.00","0.00","0.00","0.00","0.00","0.00","0.00","0.00","0.00","0.00","0.00","0.00","0.00","17630.60","28000.00","0.00","133195.00","0.00","0.00","0.00","33864.00","0.00","0.00"
"15-08-450","TROPICAL WORLD NURSERY-CONSTR.GLASS WINDOWS & DOORS.Subcontractor","0.00","0.00","0.00","0.00","0.00","0.00","0.00","0.00","0.00","0.00","0.00","0.00","0.00","0.00","0.00","0.00","0.00","0.00","0.00","0.00","0.00","487313.83","0.00","0.00","0.00","0.00","315482.43","434930.86","537703.45","199116.83","21669.97","37846.52","53347.41","0.00","1532.29","0.00","0.00"
"15-08-830","TROPICAL WORLD NURSERY-CONSTR.MIRRORS.Subcontractor","0.00","0.00","0.00","0.00","0.00","0.00","0.00","0.00","0.00","0.00","0.00","0.00","0.00","0.00","0.00","0.00","0.00","0.00","0.00","0.00","0.00","0.00","0.00","0.00","0.00","0.00","47282.17","0.00","0.00","0.00","0.00","0.00","26540.00","0.00","0.00","0.00","0.00"
"15-09-180","TROPICAL WORLD NURSERY-CONSTR.STUCCO.Subcontractor","0.00","0.00","0.00","0.00","0.00","0.00","0.00","0.00","0.00","0.00","0.00","0.00","0.00","0.00","0.00","0.00","0.00","0.00","0.00","0.00","0.00","0.00","0.00","0.00","0.00","0.00","0.00","0.00","0.00","90000.00","115000.00","30500.00","272500.00","238872.64","39500.00","0.00","0.00"
"15-09-250","TROPICAL WORLD NURSERY-CONSTR.GYPSUM BOARD & INSUL.Subcontractor","0.00","0.00","0.00","0.00","0.00","0.00","0.00","0.00","0.00","0.00","0.00","0.00","0.00","0.00","0.00","0.00","0.00","0.00","0.00","0.00","0.00","0.00","0.00","0.00","125000.00","320000.00","470000.00","419000.00","650000.00","123435.28","430000.00","70000.00","162500.00","359149.63","190000.00","0.00","0.00"
"15-09-600","TROPICAL WORLD NURSERY-CONSTR.FLOORING.Subcontractor","0.00","0.00","0.00","0.00","0.00","0.00","0.00","0.00","0.00","0.00","0.00","0.00","0.00","0.00","0.00","0.00","0.00","0.00","0.00","0.00","0.00","0.00","0.00","0.00","12000.00","277784.60","173397.99","80157.89","66658.58","0.00","122132.40","57489.62","23512.75","72087.36","20647.17","0.00","0.00"
"15-09-910","TROPICAL WORLD NURSERY-CONSTR.PAINTING.Subcontractor","0.00","0.00","0.00","0.00","0.00","0.00","0.00","0.00","0.00","0.00","0.00","0.00","0.00","0.00","0.00","0.00","0.00","0.00","0.00","0.00","0.00","0.00","0.00","0.00","0.00","0.00","0.00","0.00","0.00","0.00","0.00","77121.00","58606.00","110348.00","168060.00","0.00","0.00"
"15-10-185","TROPICAL WORLD NURSERY-CONSTR.SHOWER ENCLOSURES.Subcontractor","0.00","0.00","0.00","0.00","0.00","0.00","0.00","0.00","0.00","0.00","0.00","0.00","0.00","0.00","0.00","0.00","0.00","0.00","0.00","0.00","0.00","0.00","0.00","0.00","0.00","0.00","0.00","0.00","0.00","0.00","0.00","0.00","0.00","0.00","0.00","0.00","0.00"
"15-10-205","TROPICAL WORLD NURSERY-CONSTR.SPECIALTIES.Subcontractor","0.00","0.00","0.00","0.00","0.00","0.00","0.00","0.00","0.00","0.00","0.00","0.00","0.00","0.00","0.00","0.00","0.00","0.00","0.00","0.00","0.00","0.00","0.00","0.00","0.00","0.00","0.00","0.00","0.00","0.00","0.00","0.00","0.00","0.00","0.00","0.00","0.00"
"15-10-310","TROPICAL WORLD NURSERY-CONSTR.FIREPLACE.Subcontractor","0.00","0.00","0.00","0.00","0.00","0.00","0.00","0.00","0.00","0.00","0.00","0.00","0.00","0.00","0.00","0.00","0.00","0.00","0.00","0.00","0.00","0.00","0.00","0.00","0.00","0.00","0.00","0.00","0.00","0.00","0.00","0.00","0.00","0.00","0.00","0.00","0.00"
"15-10-312","TROPICAL WORLD NURSERY-CONSTR.FIRE EXTINGUISHERS.Subcontractor","0.00","0.00","0.00","0.00","0.00","0.00","0.00","0.00","0.00","0.00","0.00","0.00","0.00","0.00","0.00","0.00","0.00","0.00","0.00","0.00","0.00","0.00","0.00","0.00","0.00","0.00","0.00","0.00","0.00","0.00","0.00","0.00","0.00","0.00","0.00","0.00","0.00"
"15-10-440","TROPICAL WORLD NURSERY-CONSTR.SIGNAGE.Subcontractor","0.00","0.00","0.00","0.00","0.00","0.00","0.00","0.00","0.00","0.00","0.00","0.00","0.00","0.00","0.00","0.00","0.00","0.00","0.00","0.00","0.00","0.00","0.00","0.00","0.00","0.00","0.00","0.00","0.00","0.00","0.00","0.00","0.00","0.00","0.00","0.00","0.00"
"15-10-550","TROPICAL WORLD NURSERY-CONSTR.POSTAL SPECIALTIES.Subcontractor","0.00","0.00","0.00","0.00","0.00","0.00","0.00","0.00","0.00","0.00","0.00","0.00","0.00","0.00","0.00","0.00","0.00","0.00","0.00","0.00","0.00","0.00","0.00","0.00","0.00","0.00","0.00","0.00","0.00","0.00","0.00","0.00","0.00","0.00","0.00","0.00","0.00"
"15-11-400","TROPICAL WORLD NURSERY-CONSTR.FOOD SERVICE EQUIPEMENT.Subcontractor","0.00","0.00","0.00","0.00","0.00","0.00","0.00","0.00","0.00","0.00","0.00","0.00","0.00","0.00","0.00","0.00","0.00","0.00","0.00","0.00","0.00","0.00","0.00","0.00","0.00","0.00","0.00","123788.84","0.00","0.00","44359.98","0.00","0.00","0.00","0.00","0.00","0.00"
"15-11-450","TROPICAL WORLD NURSERY-CONSTR.APPLIANCES.Subcontractor","0.00","0.00","0.00","0.00","0.00","0.00","0.00","0.00","0.00","0.00","0.00","0.00","0.00","0.00","0.00","0.00","0.00","0.00","0.00","0.00","0.00","0.00","0.00","0.00","0.00","0.00","0.00","0.00","0.00","0.00","0.00","0.00","0.00","0.00","0.00","0.00","0.00"
"15-12-300","TROPICAL WORLD NURSERY-CONSTR.RESIDENTIAL CASEWORK.Subcontractor","0.00","0.00","0.00","0.00","0.00","0.00","0.00","0.00","0.00","0.00","0.00","0.00","0.00","0.00","0.00","0.00","0.00","0.00","0.00","0.00","0.00","0.00","0.00","0.00","268335.09","0.00","0.00","165867.44","277363.24","233166.80","0.00","82935.69","0.00","0.00","8796.71","0.00","0.00"
"15-12-490","TROPICAL WORLD NURSERY-CONSTR.WINDOW TREATMENT.Subcontractor","0.00","0.00","0.00","0.00","0.00","0.00","0.00","0.00","0.00","0.00","0.00","0.00","0.00","0.00","0.00","0.00","0.00","0.00","0.00","0.00","0.00","0.00","0.00","0.00","0.00","0.00","0.00","0.00","0.00","0.00","0.00","0.00","0.00","69250.00","0.00","0.00","0.00"
"15-12-540","TROPICAL WORLD NURSERY-CONSTR.SITE FURNITURE.Subcontractor","0.00","0.00","0.00","0.00","0.00","0.00","0.00","0.00","0.00","0.00","0.00","0.00","0.00","0.00","0.00","0.00","0.00","0.00","0.00","0.00","0.00","0.00","0.00","0.00","0.00","0.00","0.00","0.00","0.00","0.00","0.00","0.00","23490.85","0.00","0.00","0.00","0.00"
"15-13-150","TROPICAL WORLD NURSERY-CONSTR.SWIMMING POOLS.Subcontractor","0.00","0.00","0.00","0.00","0.00","0.00","0.00","0.00","0.00","0.00","0.00","0.00","0.00","0.00","0.00","0.00","0.00","0.00","0.00","0.00","8000.00","0.00","0.00","30000.00","82155.93","0.00","84800.00","42400.00","10600.00","0.00","0.00","0.00","63600.00","0.00","53000.00","0.00","0.00"
"15-14-110","TROPICAL WORLD NURSERY-CONSTR.TRASH CHUTES.Subcontractor","0.00","0.00","0.00","0.00","0.00","0.00","0.00","0.00","0.00","0.00","0.00","0.00","0.00","0.00","0.00","0.00","0.00","0.00","0.00","0.00","0.00","0.00","0.00","0.00","0.00","0.00","23267.25","984.75","0.00","0.00","0.00","0.00","0.00","0.00","0.00","0.00","0.00"
"15-14-200","TROPICAL WORLD NURSERY-CONSTR.ELEVATORS.Subcontractor","0.00","0.00","0.00","0.00","0.00","0.00","0.00","0.00","0.00","0.00","0.00","0.00","0.00","0.00","0.00","0.00","0.00","0.00","0.00","0.00","257426.00","0.00","0.00","0.00","0.00","0.00","0.00","0.00","11900.00","0.00","0.00","0.00","0.00","0.00","189858.45","0.00","0.00"
"15-15-310","TROPICAL WORLD NURSERY-CONSTR.FIRE SPRINKLERS.Subcontractor","0.00","0.00","0.00","0.00","0.00","0.00","0.00","0.00","0.00","0.00","0.00","0.00","0.00","0.00","0.00","0.00","0.00","0.00","0.00","0.00","0.00","0.00","35335.00","0.00","0.00","4817.50","167986.40","175506.10","194388.00","1986.00","25458.00","0.00","12813.00","11735.20","10086.80","0.00","0.00"
"15-15-410","TROPICAL WORLD NURSERY-CONSTR.PLUMBING.Subcontractor","0.00","0.00","0.00","0.00","0.00","0.00","0.00","0.00","0.00","0.00","0.00","0.00","0.00","0.00","0.00","0.00","0.00","0.00","7970.00","0.00","0.00","45040.00","161526.23","212472.50","0.00","121562.50","155575.00","141545.00","338188.94","250370.75","135375.00","167212.00","131716.75","294830.00","56665.00","0.00","0.00"
"15-15-700","TROPICAL WORLD NURSERY-CONSTR.HVAC.Subcontractor","0.00","0.00","0.00","0.00","0.00","0.00","0.00","0.00","0.00","0.00","0.00","0.00","0.00","0.00","0.00","0.00","0.00","0.00","0.00","0.00","0.00","211809.60","55000.00","13733.00","62641.00","73618.39","114810.51","117003.19","467737.72","281554.08","150816.29","378484.70","184000.09","209343.30","95257.90","0.00","0.00"
"15-16-110","TROPICAL WORLD NURSERY-CONSTR.ELECTRICAL.Materials","0.00","0.00","0.00","0.00","0.00","0.00","0.00","0.00","0.00","0.00","0.00","0.00","0.00","0.00","0.00","0.00","0.00","0.00","0.00","53429.50","251362.07","922123.50","160054.85","69000.00","76162.50","483820.56","295530.50","464319.72","5995.35","206328.00","1940906.35","545234.72","-317101.61","1589622.57","1192239.84","1697173.47","0.00"
"15-16-111","TROPICAL WORLD NURSERY-CONSTR.UNIT SUBMETERS.Subcontractor","0.00","0.00","0.00","0.00","0.00","0.00","0.00","0.00","0.00","0.00","0.00","0.00","0.00","0.00","0.00","0.00","0.00","0.00","0.00","0.00","0.00","0.00","0.00","0.00","0.00","0.00","0.00","13230.00","0.00","0.00","0.00","0.00","0.00","0.00","0.00","0.00","0.00"
"15-16-112","TROPICAL WORLD NURSERY-CONSTR.BDA & DAS SYSTEM-ALW.Subcontractor","0.00","0.00","0.00","0.00","0.00","0.00","0.00","0.00","0.00","0.00","0.00","0.00","0.00","0.00","0.00","0.00","0.00","0.00","0.00","0.00","0.00","0.00","0.00","0.00","0.00","0.00","0.00","0.00","0.00","0.00","0.00","0.00","0.00","81897.97","0.00","0.00","0.00"
"15-16-400","TROPICAL WORLD NURSERY-CONSTR.LOW VOLTAGE DISTRIBUTION.Subcontractor","0.00","0.00","0.00","0.00","0.00","0.00","0.00","0.00","0.00","0.00","0.00","0.00","0.00","0.00","0.00","0.00","0.00","0.00","0.00","0.00","0.00","0.00","0.00","0.00","231263.00","0.00","0.00","146756.67","0.00","4270.00","0.00","0.00","0.00","0.00","0.00","0.00","0.00"
"20-18-107","TROPICAL WORLD NURSERY-CONSTR.SUBCONTRACTOR DEFAULT INS.Materials","0.00","0.00","0.00","0.00","0.00","0.00","0.00","0.00","0.00","0.00","0.00","0.00","0.00","0.00","0.00","0.00","0.00","0.00","0.00","0.00","0.00","0.00","5875.00","457020.53","28332.00","0.00","0.00","5600.33","0.00","0.00","0.00","0.00","0.00","0.00","0.00","0.00","0.00"
"20-18-110","TROPICAL WORLD NURSERY-CONSTR.CONTRACTOR'S FEE.Overhead","0.00","0.00","0.00","0.00","0.00","0.00","0.00","0.00","0.00","0.00","0.00","0.00","0.00","0.00","0.00","0.00","0.00","0.00","0.00","0.00","0.00","0.00","0.00","0.00","0.00","0.00","0.00","0.00","0.00","0.00","0.00","0.00","0.00","0.00","0.00","0.00","0.00"
"20-18-141","TROPICAL WORLD NURSERY-CONSTR.CONTRACTOR'S CONTINGENCY.Materials","0.00","0.00","0.00","0.00","0.00","0.00","0.00","0.00","0.00","0.00","0.00","0.00","0.00","0.00","0.00","0.00","0.00","0.00","0.00","0.00","0.00","0.00","0.00","0.00","0.00","0.00","0.00","0.00","0.00","0.00","0.00","0.00","0.00","0.00","0.00","0.00","0.00"
"20-18-170","TROPICAL WORLD NURSERY-CONSTR.PAYMENT & PERFORMANCE BOND.Materials","0.00","0.00","0.00","0.00","0.00","0.00","0.00","0.00","0.00","0.00","0.00","0.00","0.00","0.00","0.00","0.00","0.00","0.00","302326.00","0.00","0.00","0.00","0.00","0.00","0.00","0.00","0.00","0.00","0.00","0.00","0.00","0.00","0.00","0.00","0.00","0.00","0.00"
"20-18-250","TROPICAL WORLD NURSERY-CONSTR.BUYOUT CONTINGENCY.Materials","0.00","0.00","0.00","0.00","0.00","0.00","0.00","0.00","0.00","0.00","0.00","0.00","0.00","0.00","0.00","0.00","0.00","0.00","0.00","0.00","0.00","0.00","0.00","0.00","0.00","0.00","0.00","0.00","0.00","0.00","0.00","0.00","0.00","0.00","0.00","0.00","0.00"
"90-01-300","TROPICAL WORLD NURSERY-CONSTR.REIMBURSABLE ITEMS.Materials","0.00","0.00","0.00","0.00","0.00","0.00","0.00","0.00","0.00","0.00","0.00","0.00","0.00","0.00","0.00","0.00","0.00","0.00","0.00","0.00","0.00","1297.34","0.00","76.88","0.00","513.53","184.50","1390.43","891.53","1850.30","3199.58","4994.10","4780.99","2650.67","2893.45","51.10","0.00"
